BR breath by breath,BR breath by breath outlier rejected average,VT breath by breath,VT breath by breath smoothed,VE breath by breath,VE breath by breath smoothed,Inhale:Exhale Ratio breath by breath,Inhale:Exhale Ratio breath by breath smoothed,t
12.2,15.7,690.0,690.0,84.0,84.0,,,1.0
10.9,14.3,87.0,388.5,10.0,47.0,,,6.0
14.9,14.0,60.0,279.0,9.0,34.3,,,10.0
17.4,14.5,85.0,230.5,15.0,29.5,,,13.0
14.3,13.8,56.0,195.6,8.0,25.2,,,18.0
9.7,13.4,38.0,169.3,4.0,21.7,,,24.0
16.1,15.1,70.0,155.1,11.0,20.1,,,27.0
13.6,14.7,56.0,142.8,8.0,18.6,,,32.0
13.4,13.8,56.0,133.1,8.0,17.4,,,36.0
16.9,14.4,61.0,125.9,10.0,16.7,,,40.0
16.7,15.5,70.0,120.8,12.0,16.3,,,43.0
14.7,15.0,85.0,117.8,13.0,16.0,,,47.0
17.2,16.1,73.0,114.4,13.0,15.8,,,51.0
16.7,16.7,61.0,110.6,10.0,15.4,,,54.0
17.2,16.9,56.0,106.9,10.0,15.0,,,58.0
13.2,16.2,174.0,111.1,23.0,15.5,,,63.0
14.0,16.0,61.0,108.2,9.0,15.1,,,67.0
13.0,14.6,65.0,105.8,8.0,14.7,,,71.0
16.0,14.4,62.0,103.5,10.0,14.5,,,75.0
17.2,14.4,72.0,101.9,12.0,14.4,,,79.0
14.2,14.7,286.0,110.7,40.0,15.6,,,83.0
14.2,14.8,70.0,108.8,10.0,15.3,,,87.0
14.0,14.8,89.0,108.0,12.0,15.2,,,91.0
14.6,14.3,74.0,106.5,11.0,15.0,,,96.0
15.2,14.3,79.0,105.4,12.0,14.9,,,99.0
16.1,14.6,62.0,103.8,10.0,14.7,,,103.0
15.6,15.1,57.0,102.0,9.0,14.5,,,107.0
14.3,15.1,69.0,100.9,10.0,14.3,,,111.0
20.5,15.6,77.0,100.0,16.0,14.4,,,114.0
23.8,17.4,265.0,105.5,63.0,16.0,,,120.0
36.6,20.0,58.0,104.0,21.0,16.2,,,122.0
24.2,22.9,263.0,109.0,64.0,17.7,,,124.0
21.4,23.1,120.0,109.3,26.0,17.9,,,127.0
20.8,23.1,678.0,126.0,141.0,21.5,,,131.0
15.2,22.2,161.0,127.0,24.0,21.6,,,134.0
17.2,19.8,261.0,130.8,45.0,22.2,,,137.0
16.9,18.3,415.0,138.4,70.0,23.5,,,141.0
16.7,16.9,272.0,141.9,45.0,24.1,,,144.0
22.1,16.9,283.0,145.6,62.0,25.1,,,147.0
18.5,17.5,334.0,150.3,62.0,26.0,,,150.0
19.7,18.4,288.0,153.6,57.0,26.8,,,153.0
21.4,19.9,273.0,156.5,59.0,27.5,,,156.0
17.6,19.9,403.0,162.2,71.0,28.5,,,160.0
21.7,19.9,226.0,163.7,49.0,29.0,,,162.0
21.7,21.0,335.0,167.5,73.0,30.0,,,165.0
21.1,21.4,428.0,173.1,90.0,31.3,,,168.0
17.9,20.2,428.0,178.6,76.0,32.2,,,171.0
22.1,21.5,294.0,181.0,65.0,32.9,,,174.0
20.5,21.1,323.0,183.9,66.0,33.6,,,177.0
26.3,21.2,375.0,187.7,99.0,34.9,,,179.0
25.9,22.8,355.0,191.0,92.0,36.0,,,181.0
27.3,24.7,314.0,193.3,86.0,37.0,,,183.0
27.3,26.5,338.0,196.1,92.0,38.0,,,186.0
26.8,26.8,302.0,198.0,81.0,38.8,,,188.0
27.3,27.1,298.0,199.8,81.0,39.6,,,190.0
22.1,27.1,362.0,202.7,80.0,40.3,,,193.0
20.8,25.4,552.0,208.9,115.0,41.6,,,196.0
20.8,23.2,338.0,211.1,70.0,42.1,,,199.0
28.3,23.4,293.0,212.5,83.0,42.8,,,201.0
30.0,23.7,336.0,214.5,101.0,43.8,,,203.0
28.3,25.8,336.0,216.5,95.0,44.6,,,205.0
22.1,26.2,482.0,220.8,106.0,45.6,,,208.0
21.1,26.2,391.0,223.5,83.0,46.2,,,210.0
28.3,26.2,321.0,225.0,91.0,46.9,,,213.0
28.8,26.2,290.0,226.0,84.0,47.5,,,215.0
24.6,25.0,349.0,227.9,86.0,48.0,,,217.0
19.2,24.7,351.0,229.7,68.0,48.3,,,218.0
23.8,25.6,362.0,231.7,86.0,48.9,,,220.0
26.3,24.9,412.0,234.3,108.0,49.8,,,223.0
26.8,24.9,420.0,236.9,113.0,50.7,,,225.0
27.3,25.6,377.0,238.9,103.0,51.4,,,227.0
26.3,26.5,380.0,240.9,100.0,52.1,,,229.0
31.3,26.8,368.0,242.6,115.0,52.9,,,231.0
27.8,27.3,385.0,244.5,107.0,53.7,,,233.0
27.3,27.4,414.0,246.8,113.0,54.5,,,235.0
30.0,28.4,363.0,248.3,109.0,55.2,,,238.0
27.3,28.4,404.0,250.4,110.0,55.9,,,240.0
30.6,28.4,370.0,251.9,113.0,56.6,,,242.0
25.4,28.2,586.0,256.1,149.0,57.8,,,244.0
25.4,27.6,351.0,257.3,89.0,58.2,,,247.0
25.9,26.2,297.0,257.8,77.0,58.4,,,249.0
30.0,27.1,334.0,258.7,100.0,58.9,,,251.0
28.3,26.5,403.0,260.5,114.0,59.6,,,253.0
20.8,26.5,677.0,265.4,141.0,60.5,,,256.0
18.5,25.0,315.0,266.0,58.0,60.5,,,259.0
25.4,24.9,364.0,267.1,93.0,60.9,,,261.0
28.3,24.9,449.0,269.2,127.0,61.7,,,263.0
27.8,24.7,388.0,270.6,108.0,62.2,,,266.0
26.8,26.7,397.0,272.0,106.0,62.7,,,268.0
26.3,27.0,388.0,273.3,102.0,63.1,,,270.0
28.8,27.6,340.0,274.0,98.0,63.5,,,272.0
30.6,27.8,334.0,274.7,102.0,63.9,,,274.0
32.6,28.7,325.0,275.2,106.0,64.4,,,276.0
28.8,29.4,364.0,276.2,105.0,64.8,,,278.0
30.0,29.8,403.0,277.5,121.0,65.4,,,280.0
28.8,29.8,379.0,278.6,109.0,65.8,,,282.0
27.3,29.2,355.0,279.3,97.0,66.2,,,284.0
23.1,28.3,690.0,283.5,159.0,67.1,,,287.0
23.1,26.4,394.0,284.6,91.0,67.4,,,290.0
25.4,25.3,352.0,285.3,89.0,67.6,,,292.0
22.1,23.9,355.0,286.0,78.0,67.7,,,295.0
32.6,23.9,530.0,288.4,173.0,68.7,,,297.0
31.9,26.8,333.0,288.8,106.0,69.1,,,298.0
29.4,28.9,362.0,289.5,106.0,69.4,,,301.0
25.9,29.1,457.0,287.3,118.0,69.8,,,303.0
26.8,29.4,387.0,288.2,104.0,70.1,,,305.0
29.4,28.5,344.0,290.7,101.0,70.9,,,307.0
31.3,28.5,318.0,291.0,99.0,71.2,,,309.0
33.3,29.1,482.0,294.9,161.0,72.6,,,311.0
27.8,29.5,310.0,295.1,86.0,72.8,,,313.0
28.3,29.7,339.0,297.4,96.0,73.5,,,315.0
24.2,29.1,562.0,299.9,136.0,74.1,,,317.0
28.8,28.3,345.0,302.6,100.0,75.0,,,320.0
30.6,28.3,323.0,302.8,99.0,75.2,,,321.0
31.3,29.3,335.0,303.1,105.0,75.4,,,324.0
30.6,30.0,360.0,306.0,110.0,76.4,,,326.0
31.9,30.8,303.0,306.0,97.0,76.6,,,327.0
30.0,30.8,393.0,308.9,118.0,77.6,,,329.0
27.8,30.6,373.0,309.4,104.0,77.8,,,332.0
28.8,29.8,383.0,312.4,110.0,78.7,,,333.0
29.4,29.4,363.0,312.8,107.0,79.0,,,336.0
28.8,29.0,349.0,315.4,101.0,79.8,,,338.0
30.0,29.0,339.0,317.9,102.0,80.6,,,340.0
31.3,29.4,328.0,317.9,103.0,80.8,,,342.0
34.1,30.2,390.0,320.8,133.0,81.9,,,343.0
30.6,30.6,351.0,321.0,107.0,82.1,,,345.0
25.4,30.6,320.0,323.1,81.0,82.7,,,348.0
25.4,29.1,349.0,323.3,89.0,82.7,,,350.0
32.6,29.5,333.0,325.5,109.0,83.5,,,352.0
31.9,29.3,338.0,325.6,108.0,83.8,,,354.0
34.1,30.0,338.0,328.0,115.0,84.6,,,356.0
32.6,32.4,313.0,327.9,102.0,84.8,,,358.0
28.8,32.4,405.0,330.8,117.0,85.7,,,359.0
27.3,31.1,392.0,331.3,107.0,85.9,,,362.0
27.3,29.6,377.0,333.1,103.0,86.6,,,364.0
30.6,28.9,310.0,332.9,95.0,86.6,,,366.0
27.3,27.8,340.0,335.2,93.0,87.3,,,368.0
26.8,27.3,391.0,335.6,105.0,87.5,,,370.0
28.8,27.8,347.0,338.0,100.0,88.2,,,372.0
30.6,28.9,350.0,338.1,107.0,88.4,,,374.0
25.0,27.6,592.0,342.4,148.0,89.5,,,377.0
22.1,26.9,393.0,345.0,87.0,90.1,,,379.0
28.3,27.4,351.0,345.1,99.0,90.2,,,382.0
23.4,25.6,457.0,346.5,107.0,90.7,,,384.0
23.8,24.1,360.0,346.6,86.0,90.7,,,387.0
29.4,25.2,358.0,348.9,105.0,91.5,,,389.0
27.8,26.6,305.0,348.6,85.0,91.4,,,391.0
30.6,27.0,308.0,350.3,94.0,92.1,,,393.0
29.4,28.9,374.0,350.5,110.0,92.2,,,395.0
32.6,29.8,323.0,352.5,105.0,93.0,,,397.0
27.3,29.3,428.0,353.1,117.0,93.2,,,399.0
30.0,30.0,340.0,355.1,102.0,93.9,,,401.0
30.6,30.0,330.0,354.9,101.0,93.9,,,403.0
33.3,31.1,357.0,357.2,119.0,94.8,,,405.0
21.7,29.3,684.0,362.1,149.0,95.9,,,407.0
22.4,27.7,341.0,362.0,76.0,95.7,,,410.0
26.8,26.6,374.0,364.3,100.0,96.4,,,412.0
26.3,25.2,307.0,366.1,81.0,96.9,,,415.0
31.3,25.2,404.0,366.4,126.0,97.1,,,416.0
32.6,28.1,265.0,365.6,86.0,97.1,,,419.0
30.6,29.5,292.0,365.1,89.0,97.0,,,420.0
19.7,29.4,328.0,367.9,65.0,97.6,,,423.0
28.3,30.1,399.0,368.9,113.0,98.0,,,426.0
27.8,28.9,371.0,370.9,103.0,98.5,,,428.0
30.6,28.9,322.0,370.5,99.0,98.6,,,430.0
29.4,28.5,334.0,367.9,98.0,98.2,,,432.0
28.3,28.7,358.0,369.4,101.0,98.8,,,434.0
30.0,29.2,298.0,368.8,89.0,98.7,,,436.0
30.0,29.8,373.0,369.7,112.0,99.2,,,438.0
30.6,29.8,374.0,369.7,114.0,99.4,,,440.0
30.0,30.0,345.0,369.2,104.0,99.6,,,442.0
31.3,30.2,395.0,369.4,123.0,99.8,,,444.0
30.0,30.2,364.0,370.1,109.0,100.3,,,446.0
29.4,30.2,344.0,370.5,101.0,100.5,,,448.0
34.1,30.4,304.0,370.0,104.0,100.6,,,449.0
30.0,30.4,393.0,370.5,118.0,101.0,,,451.0
32.6,30.9,355.0,371.0,116.0,101.4,,,453.0
25.9,30.7,477.0,371.7,123.0,101.6,,,456.0
19.5,29.5,328.0,372.1,64.0,101.6,,,459.0
25.9,27.2,507.0,372.9,131.0,102.0,,,461.0
25.9,25.9,353.0,373.8,91.0,102.4,,,463.0
30.6,25.9,339.0,373.8,104.0,102.6,,,465.0
28.3,26.7,346.0,373.6,98.0,102.5,,,467.0
30.6,28.3,346.0,373.1,106.0,102.7,,,469.0
34.9,29.8,318.0,372.3,111.0,102.9,,,471.0
31.9,31.0,356.0,372.1,114.0,103.0,,,473.0
23.1,30.3,692.0,375.0,160.0,103.7,,,476.0
26.3,29.6,286.0,374.7,75.0,103.7,,,478.0
31.3,29.8,318.0,374.3,99.0,103.7,,,480.0
29.4,29.0,361.0,374.4,106.0,103.8,,,482.0
22.4,26.3,376.0,374.8,84.0,103.8,,,484.0
27.3,27.7,418.0,375.4,114.0,104.0,,,487.0
32.6,29.3,322.0,375.5,105.0,104.2,,,489.0
31.9,29.5,336.0,375.8,107.0,104.3,,,491.0
34.9,30.6,330.0,375.5,115.0,104.4,,,492.0
34.1,32.9,328.0,375.2,112.0,104.6,,,494.0
30.6,32.9,363.0,373.9,111.0,104.6,,,496.0
33.3,33.1,384.0,374.0,128.0,104.8,,,498.0
37.5,34.1,243.0,373.3,91.0,104.9,,,499.0
34.9,34.1,324.0,373.5,113.0,105.1,,,501.0
24.6,32.9,502.0,374.7,123.0,105.3,,,503.0
25.9,31.4,375.0,375.0,97.0,105.3,,,506.0
30.6,30.5,301.0,374.4,92.0,105.2,,,508.0
31.3,29.2,295.0,373.1,92.0,105.1,,,510.0
30.6,29.0,343.0,372.8,105.0,105.3,,,512.0
29.4,30.2,339.0,372.9,100.0,105.3,,,514.0
32.6,30.8,359.0,373.4,117.0,105.6,,,515.0
31.3,31.0,357.0,373.5,112.0,105.8,,,518.0
34.9,31.5,350.0,373.4,122.0,106.1,,,519.0
34.9,32.9,346.0,373.3,121.0,106.4,,,521.0
31.3,32.9,356.0,372.9,111.0,106.4,,,523.0
32.6,32.9,310.0,372.5,101.0,106.4,,,525.0
30.6,32.9,349.0,372.0,107.0,106.3,,,527.0
22.7,31.5,324.0,371.6,74.0,106.1,,,529.0
30.6,30.8,366.0,371.6,112.0,106.1,,,531.0
30.0,30.4,376.0,371.6,113.0,106.2,,,533.0
28.8,29.8,406.0,371.7,117.0,106.3,,,535.0
29.4,29.4,342.0,371.2,101.0,106.2,,,537.0
34.1,30.0,300.0,370.8,102.0,106.1,,,539.0
34.1,31.2,321.0,370.2,109.0,106.1,,,541.0
30.0,31.2,390.0,370.3,117.0,106.2,,,543.0
30.0,31.4,339.0,368.6,102.0,105.8,,,545.0
27.8,31.4,265.0,368.0,74.0,105.7,,,547.0
34.9,31.4,351.0,367.9,122.0,105.8,,,549.0
33.3,31.1,334.0,368.2,111.0,106.1,,,551.0
31.9,31.7,352.0,368.3,112.0,106.2,,,552.0
31.9,32.4,305.0,367.6,97.0,106.0,,,554.0
30.0,32.4,357.0,365.4,107.0,105.8,,,556.0
32.6,32.1,274.0,364.8,89.0,105.7,,,558.0
32.6,32.1,319.0,364.8,104.0,106.0,,,560.0
31.3,31.9,303.0,364.4,95.0,106.0,,,562.0
30.0,31.3,350.0,363.7,105.0,105.9,,,564.0
28.8,31.3,470.0,364.2,136.0,106.1,,,566.0
28.8,30.0,263.0,363.3,76.0,105.8,,,568.0
35.7,30.0,263.0,362.6,94.0,105.8,,,570.0
36.6,31.5,274.0,361.8,100.0,105.8,,,571.0
34.9,33.1,279.0,361.4,97.0,105.7,,,573.0
34.1,34.9,330.0,361.4,113.0,105.8,,,575.0
34.9,35.2,289.0,361.2,101.0,105.8,,,577.0
36.6,35.5,316.0,360.8,116.0,105.9,,,578.0
30.0,34.6,305.0,360.4,92.0,105.8,,,580.0
33.3,34.1,347.0,360.1,116.0,105.7,,,582.0
30.0,32.7,339.0,359.8,102.0,105.7,,,584.0
24.2,31.1,579.0,361.3,140.0,106.0,,,587.0
27.3,29.1,311.0,358.7,85.0,105.5,,,589.0
34.9,30.2,333.0,358.3,116.0,105.6,,,590.0
32.6,30.0,315.0,358.1,103.0,105.7,,,592.0
31.3,30.4,402.0,358.4,126.0,105.9,,,594.0
28.3,30.7,334.0,358.2,95.0,106.0,,,596.0
31.3,31.7,294.0,356.6,92.0,105.4,,,598.0
31.9,31.5,359.0,356.8,115.0,105.5,,,600.0
34.9,31.5,327.0,356.6,114.0,105.6,,,602.0
31.3,31.5,386.0,356.1,121.0,105.6,,,604.0
31.3,31.5,347.0,355.8,108.0,105.6,,,606.0
34.1,32.4,241.0,355.1,82.0,105.5,,,607.0
36.6,33.4,292.0,355.0,107.0,105.5,,,609.0
31.9,32.4,366.0,354.2,117.0,105.2,,,611.0
28.3,32.4,356.0,354.5,101.0,105.3,,,613.0
30.6,32.2,328.0,354.3,100.0,105.3,,,615.0
30.6,31.0,327.0,354.2,100.0,105.3,,,617.0
31.9,31.0,304.0,352.5,97.0,105.1,,,619.0
30.0,30.4,351.0,352.5,105.0,105.1,,,621.0
24.6,30.4,616.0,354.5,151.0,105.4,,,623.0
19.2,28.4,255.0,353.9,49.0,105.0,,,626.0
27.8,27.5,322.0,354.0,89.0,105.0,,,629.0
28.3,26.9,351.0,353.8,99.0,104.9,,,631.0
28.3,26.9,405.0,354.0,115.0,104.9,,,633.0
30.0,28.1,280.0,353.3,84.0,104.8,,,635.0
31.9,28.9,317.0,353.0,101.0,104.7,,,637.0
34.9,30.1,358.0,353.0,125.0,104.9,,,639.0
32.6,31.5,362.0,353.2,118.0,105.0,,,640.0
30.6,31.7,390.0,353.6,119.0,105.1,,,642.0
29.4,31.7,336.0,353.2,99.0,104.9,,,644.0
35.7,32.7,328.0,353.1,117.0,104.9,,,646.0
34.1,32.4,354.0,353.1,121.0,105.0,,,648.0
32.6,32.4,331.0,353.2,108.0,105.2,,,650.0
33.3,33.3,349.0,353.2,116.0,105.4,,,651.0
33.3,33.6,320.0,353.1,107.0,105.4,,,653.0
34.9,33.6,445.0,353.8,155.0,105.7,,,655.0
37.5,33.9,262.0,353.3,98.0,105.6,,,657.0
30.6,33.9,356.0,353.6,109.0,105.6,,,658.0
32.6,33.6,291.0,352.8,95.0,105.5,,,660.0
34.1,33.9,325.0,352.4,111.0,105.5,,,662.0
36.6,34.4,261.0,351.8,95.0,105.4,,,664.0
34.9,33.9,297.0,351.2,104.0,105.5,,,665.0
33.3,34.1,324.0,351.3,108.0,105.5,,,667.0
29.4,34.1,412.0,351.8,121.0,105.7,,,669.0
19.7,32.5,333.0,351.4,66.0,105.5,,,672.0
32.6,31.8,388.0,351.7,127.0,105.6,,,674.0
31.9,31.3,401.0,352.0,128.0,105.8,,,676.0
31.9,31.1,377.0,350.6,120.0,105.6,,,678.0
34.1,32.1,304.0,350.0,104.0,105.7,,,680.0
32.6,32.4,394.0,350.3,128.0,105.9,,,682.0
34.1,32.9,350.0,350.3,119.0,106.0,,,683.0
35.7,33.6,382.0,349.8,136.0,106.2,,,685.0
38.5,34.6,336.0,349.7,129.0,106.3,,,686.0
33.3,34.4,353.0,349.6,118.0,106.5,,,688.0
35.7,35.2,330.0,349.5,118.0,106.6,,,690.0
34.9,35.4,360.0,349.8,126.0,106.9,,,692.0
34.9,35.2,330.0,350.0,115.0,107.0,,,693.0
34.1,34.6,317.0,349.6,108.0,107.0,,,695.0
35.7,35.2,342.0,349.7,122.0,107.1,,,697.0
34.9,34.9,361.0,349.8,126.0,107.3,,,699.0
28.8,34.6,331.0,349.2,95.0,107.1,,,701.0
34.9,34.6,360.0,349.3,126.0,107.3,,,702.0
37.5,35.2,391.0,349.7,147.0,107.6,,,704.0
33.3,34.4,381.0,349.8,127.0,107.6,,,706.0
31.9,33.4,368.0,347.8,117.0,107.4,,,708.0
37.5,35.2,335.0,347.7,126.0,107.5,,,709.0
35.7,35.5,447.0,348.4,160.0,108.1,,,711.0
34.9,34.6,389.0,348.5,136.0,108.3,,,713.0
30.0,34.2,440.0,349.3,132.0,108.6,,,715.0
33.3,34.6,388.0,349.2,129.0,108.7,,,717.0
29.4,32.7,457.0,349.9,134.0,108.8,,,718.0
33.3,32.2,405.0,351.2,135.0,109.3,,,720.0
35.7,32.2,355.0,351.2,127.0,109.4,,,722.0
34.1,33.6,412.0,351.8,140.0,109.9,,,724.0
34.9,34.1,370.0,351.9,129.0,110.0,,,725.0
34.9,34.6,396.0,351.9,138.0,110.2,,,727.0
36.6,35.2,374.0,351.9,137.0,110.4,,,729.0
38.5,35.5,400.0,352.4,154.0,110.7,,,730.0
34.9,35.5,476.0,353.3,166.0,111.2,,,732.0
37.5,36.3,368.0,353.4,138.0,111.3,,,734.0
41.7,37.5,433.0,353.9,180.0,111.8,,,735.0
38.5,38.1,404.0,354.6,155.0,112.3,,,737.0
34.9,36.9,444.0,355.0,155.0,112.5,,,739.0
30.6,36.9,416.0,355.3,127.0,112.6,,,740.0
34.1,35.8,420.0,355.8,143.0,112.9,,,742.0
35.7,34.9,422.0,355.9,151.0,113.0,,,744.0
30.0,33.2,520.0,356.9,156.0,113.3,,,746.0
30.0,31.6,404.0,357.3,121.0,113.5,,,748.0
32.6,32.2,431.0,358.1,141.0,113.7,,,750.0
33.3,32.0,424.0,358.5,141.0,113.9,,,751.0
35.7,32.0,396.0,358.6,141.0,114.0,,,753.0
36.6,33.9,389.0,358.8,142.0,114.2,,,755.0
34.9,34.6,455.0,358.6,159.0,114.4,,,756.0
34.9,35.2,376.0,358.7,131.0,114.5,,,758.0
35.7,35.4,398.0,359.2,142.0,115.0,,,760.0
34.1,35.2,431.0,358.7,147.0,115.1,,,762.0
34.9,34.9,405.0,359.0,141.0,115.4,,,763.0
38.5,35.2,405.0,359.3,156.0,115.7,,,765.0
36.6,35.7,465.0,360.1,170.0,116.1,,,767.0
34.9,35.5,441.0,360.7,154.0,116.4,,,768.0
31.9,35.5,459.0,361.4,146.0,116.7,,,770.0
32.6,34.7,410.0,362.0,134.0,116.8,,,772.0
38.5,34.7,360.0,362.0,138.0,117.0,,,774.0
38.5,35.3,361.0,362.0,139.0,117.1,,,775.0
37.5,36.2,383.0,360.1,144.0,117.0,,,777.0
34.9,36.9,413.0,360.9,144.0,117.5,,,778.0
37.5,37.8,409.0,361.4,153.0,117.8,,,780.0
34.9,36.6,476.0,362.1,166.0,118.2,,,782.0
33.3,35.8,432.0,362.6,144.0,118.3,,,784.0
34.1,34.6,416.0,362.8,142.0,118.7,,,785.0
34.9,34.6,407.0,362.8,142.0,118.9,,,787.0
33.3,34.1,460.0,363.6,153.0,119.1,,,789.0
34.1,33.8,501.0,364.6,171.0,119.5,,,791.0
33.3,33.8,388.0,365.0,129.0,119.6,,,792.0
32.6,33.6,389.0,365.4,127.0,119.7,,,794.0
38.5,33.6,439.0,365.8,169.0,120.0,,,796.0
32.6,33.3,630.0,367.3,205.0,120.6,,,798.0
31.3,32.9,398.0,368.3,124.0,120.8,,,799.0
35.7,33.6,361.0,368.5,129.0,120.9,,,801.0
36.6,35.0,411.0,368.8,150.0,121.0,,,803.0
35.7,34.7,464.0,368.6,166.0,121.3,,,805.0
37.5,36.0,424.0,368.9,159.0,121.7,,,806.0
30.6,36.0,466.0,369.9,143.0,122.0,,,808.0
34.9,35.7,473.0,371.0,165.0,122.4,,,810.0
36.6,35.7,464.0,371.5,170.0,122.7,,,812.0
37.5,36.3,469.0,372.3,176.0,123.2,,,813.0
37.5,36.3,448.0,373.0,168.0,123.6,,,815.0
39.5,37.2,459.0,373.6,181.0,124.0,,,816.0
40.5,38.2,447.0,374.1,181.0,124.4,,,818.0
36.6,38.2,432.0,374.6,158.0,124.6,,,819.0
36.6,37.9,407.0,375.0,149.0,124.8,,,821.0
38.5,38.2,470.0,375.6,181.0,125.1,,,822.0
36.6,37.2,464.0,376.2,170.0,125.5,,,824.0
38.5,37.2,458.0,377.1,176.0,125.9,,,826.0
37.5,37.5,489.0,378.0,183.0,126.4,,,827.0
39.5,38.1,431.0,378.3,170.0,126.7,,,829.0
39.5,38.5,427.0,378.9,169.0,127.2,,,830.0
37.5,38.5,498.0,379.7,187.0,127.7,,,832.0
35.7,38.2,517.0,380.6,185.0,128.1,,,834.0
36.6,37.9,424.0,380.8,155.0,128.3,,,835.0
34.9,36.6,437.0,381.0,152.0,128.5,,,837.0
34.1,35.7,479.0,381.8,163.0,128.9,,,839.0
38.5,35.7,383.0,382.3,147.0,129.1,,,840.0
38.5,36.6,444.0,383.1,171.0,129.5,,,842.0
38.5,37.3,463.0,383.5,178.0,129.9,,,844.0
34.9,37.3,453.0,384.2,158.0,130.2,,,845.0
36.6,37.8,429.0,384.4,157.0,130.4,,,847.0
35.7,36.9,520.0,386.0,186.0,131.0,,,849.0
34.9,35.7,544.0,387.1,190.0,131.4,,,850.0
35.7,35.4,425.0,387.6,152.0,131.7,,,852.0
34.9,35.4,457.0,388.3,159.0,132.0,,,854.0
37.5,35.4,460.0,389.2,173.0,132.4,,,855.0
34.9,35.2,445.0,389.7,155.0,132.7,,,857.0
30.0,35.2,607.0,391.7,182.0,133.2,,,859.0
33.3,34.4,467.0,392.6,156.0,133.6,,,861.0
45.5,35.2,382.0,393.1,174.0,134.0,,,862.0
44.1,37.4,382.0,393.0,169.0,134.2,,,863.0
42.9,40.1,421.0,393.4,180.0,134.7,,,865.0
39.5,42.1,401.0,393.0,158.0,134.8,,,866.0
40.5,42.5,426.0,393.2,173.0,135.0,,,868.0
40.5,41.3,445.0,394.3,180.0,135.6,,,869.0
40.5,40.5,379.0,394.9,154.0,136.0,,,871.0
50.0,40.5,319.0,395.2,159.0,136.3,,,872.0
38.5,40.5,342.0,395.6,132.0,136.5,,,873.0
41.7,40.9,432.0,396.2,180.0,136.9,,,875.0
41.7,41.3,457.0,396.5,190.0,137.3,,,876.0
37.5,40.6,457.0,397.5,171.0,137.7,,,878.0
39.5,39.9,452.0,398.3,178.0,138.0,,,880.0
40.5,40.6,403.0,398.9,163.0,138.4,,,881.0
44.1,40.6,398.0,399.2,176.0,138.8,,,883.0
42.9,41.0,384.0,399.1,165.0,138.9,,,884.0
37.5,41.0,414.0,399.5,155.0,139.2,,,885.0
34.1,40.3,440.0,398.7,150.0,139.3,,,887.0
39.5,39.9,427.0,399.4,169.0,139.8,,,889.0
39.5,38.8,419.0,399.5,165.0,139.9,,,890.0
39.5,38.8,497.0,400.5,196.0,140.4,,,892.0
38.5,39.1,489.0,401.5,188.0,140.9,,,893.0
39.5,39.5,434.0,401.7,171.0,141.2,,,895.0
40.5,39.5,432.0,402.2,175.0,141.6,,,896.0
45.5,39.8,431.0,402.4,196.0,141.9,,,898.0
42.9,41.0,430.0,403.2,184.0,142.5,,,899.0
40.5,41.3,488.0,403.9,198.0,142.9,,,901.0
39.5,41.3,473.0,404.7,187.0,143.4,,,902.0
41.7,41.7,453.0,405.0,189.0,143.6,,,903.0
38.5,40.6,479.0,405.6,184.0,144.0,,,905.0
38.5,39.5,457.0,406.2,176.0,144.4,,,906.0
42.9,39.9,442.0,407.3,189.0,145.0,,,908.0
44.1,41.0,451.0,408.2,199.0,145.5,,,909.0
42.9,41.4,461.0,408.5,198.0,145.8,,,911.0
40.5,42.1,447.0,409.0,181.0,146.2,,,912.0
41.7,42.5,457.0,409.6,190.0,146.7,,,914.0
39.5,41.7,410.0,410.0,162.0,147.0,,,915.0
38.5,40.6,410.0,410.0,158.0,147.1,,,917.0
38.5,39.5,400.0,410.5,154.0,147.4,,,918.0
40.5,39.5,440.0,411.2,178.0,147.8,,,920.0
36.6,38.8,431.0,411.7,158.0,148.1,,,921.0
37.5,38.1,439.0,411.8,165.0,148.2,,,923.0
34.9,37.5,444.0,410.9,155.0,148.3,,,925.0
39.5,37.9,431.0,411.0,170.0,148.4,,,926.0
41.7,37.9,417.0,411.9,174.0,149.1,,,928.0
41.7,39.5,471.0,412.7,196.0,149.7,,,929.0
41.7,40.9,497.0,413.2,207.0,150.0,,,931.0
38.5,40.9,503.0,414.0,193.0,150.5,,,932.0
41.7,41.7,443.0,414.2,185.0,150.9,,,934.0
41.7,41.7,474.0,415.3,197.0,151.5,,,935.0
35.7,40.6,613.0,417.0,219.0,152.2,,,937.0
33.3,38.6,603.0,418.0,201.0,152.5,,,939.0
31.3,36.9,436.0,418.7,136.0,152.7,,,940.0
38.5,35.8,430.0,418.8,165.0,152.8,,,942.0
40.5,35.8,389.0,418.8,158.0,153.0,,,944.0
44.1,37.4,414.0,419.2,183.0,153.5,,,945.0
40.5,39.8,410.0,419.7,166.0,153.7,,,946.0
45.5,41.7,453.0,419.9,206.0,154.0,,,948.0
40.5,41.7,445.0,420.4,180.0,154.3,,,949.0
41.7,42.1,412.0,420.8,172.0,154.7,,,951.0
40.5,40.9,393.0,421.0,159.0,154.9,,,952.0
39.5,40.9,408.0,421.5,161.0,155.2,,,954.0
39.5,40.2,473.0,421.7,187.0,155.4,,,955.0
36.6,39.8,492.0,422.9,180.0,155.9,,,957.0
33.3,38.5,517.0,423.8,172.0,156.2,,,959.0
35.7,37.3,445.0,423.9,159.0,156.2,,,960.0
36.6,36.3,472.0,424.9,173.0,156.6,,,962.0
39.5,36.3,420.0,425.4,166.0,156.9,,,963.0
38.5,36.9,392.0,426.2,151.0,157.3,,,965.0
41.7,38.2,429.0,426.9,179.0,157.7,,,966.0
40.5,39.5,411.0,427.4,167.0,158.0,,,968.0
41.7,40.6,410.0,427.3,171.0,158.1,,,969.0
39.5,40.6,436.0,427.4,172.0,158.3,,,971.0
41.7,41.3,453.0,427.5,189.0,158.5,,,972.0
41.7,41.3,439.0,428.1,183.0,159.1,,,974.0
39.5,40.9,473.0,428.6,187.0,159.5,,,975.0
40.5,40.6,471.0,428.9,191.0,159.8,,,977.0
40.5,40.9,469.0,429.4,190.0,160.2,,,978.0
42.9,40.9,459.0,429.6,197.0,160.4,,,980.0
38.5,40.2,498.0,430.6,192.0,160.8,,,981.0
40.5,40.5,461.0,431.0,187.0,161.2,,,983.0
40.5,40.5,500.0,431.8,203.0,161.6,,,984.0
41.7,40.9,423.0,432.0,176.0,161.8,,,986.0
44.1,40.9,483.0,432.8,213.0,162.3,,,987.0
40.5,40.9,459.0,433.4,186.0,162.6,,,988.0
35.7,40.9,447.0,434.0,160.0,162.9,,,990.0
41.7,41.3,383.0,433.7,160.0,162.9,,,992.0
42.9,41.7,445.0,434.2,191.0,163.2,,,993.0
46.9,41.7,399.0,434.6,187.0,163.6,,,994.0
41.7,42.1,415.0,435.1,173.0,163.9,,,996.0
45.5,43.3,394.0,435.4,179.0,164.2,,,999.0
41.7,43.3,452.0,435.9,188.0,164.6,,,1000.0
41.7,42.9,440.0,436.4,183.0,165.0,,,1001.0
41.7,41.7,453.0,436.9,189.0,165.4,,,1003.0
41.7,41.7,396.0,437.0,165.0,165.5,,,1004.0
44.1,41.7,406.0,436.8,179.0,165.5,,,1006.0
41.7,41.7,394.0,436.9,164.0,165.7,,,1007.0
40.5,41.7,446.0,437.3,181.0,166.1,,,1008.0
42.9,42.1,418.0,437.7,179.0,166.4,,,1010.0
40.5,41.7,459.0,437.8,186.0,166.5,,,1011.0
39.5,40.9,440.0,438.1,174.0,166.7,,,1013.0
38.5,40.2,463.0,438.2,178.0,166.8,,,1014.0
39.5,39.8,471.0,438.4,186.0,167.1,,,1016.0
42.9,39.8,450.0,438.7,193.0,167.4,,,1017.0
39.5,39.5,462.0,438.7,182.0,167.6,,,1019.0
41.7,40.2,448.0,438.8,187.0,167.7,,,1020.0
42.9,41.3,438.0,438.9,188.0,168.0,,,1022.0
42.9,42.5,468.0,439.5,201.0,168.4,,,1023.0
39.5,41.3,489.0,439.9,193.0,168.7,,,1025.0
45.5,42.5,434.0,440.3,197.0,169.1,,,1026.0
41.7,42.5,448.0,440.5,187.0,169.3,,,1027.0
40.5,41.7,450.0,440.6,182.0,169.4,,,1029.0
44.1,42.1,422.0,440.8,186.0,169.6,,,1030.0
42.9,42.9,478.0,441.3,205.0,169.9,,,1032.0
41.7,42.1,477.0,441.3,199.0,170.1,,,1033.0
42.9,42.5,419.0,441.5,180.0,170.3,,,1035.0
44.1,43.3,429.0,441.5,189.0,170.3,,,1036.0
41.7,42.5,473.0,441.9,197.0,170.6,,,1037.0
42.9,42.5,420.0,441.7,180.0,170.7,,,1039.0
50.0,43.3,384.0,441.4,192.0,170.8,,,1040.0
42.9,43.3,498.0,441.9,213.0,171.2,,,1041.0
41.7,42.5,404.0,441.8,168.0,171.4,,,1043.0
44.1,43.3,401.0,441.7,177.0,171.5,,,1044.0
45.5,44.1,445.0,441.7,202.0,171.7,,,1045.0
41.7,42.9,451.0,441.3,188.0,171.8,,,1047.0
41.7,42.5,506.0,441.9,211.0,172.3,,,1048.0
44.1,43.3,460.0,442.0,203.0,172.6,,,1050.0
45.5,43.7,457.0,442.1,208.0,172.8,,,1051.0
44.1,43.3,465.0,442.3,205.0,173.1,,,1052.0
40.5,43.3,457.0,442.6,185.0,173.4,,,1054.0
44.1,44.1,420.0,442.8,185.0,173.6,,,1055.0
44.1,44.1,466.0,442.9,206.0,173.8,,,1056.0
35.7,42.9,565.0,443.5,202.0,174.0,,,1058.0
34.1,40.1,327.0,443.2,111.0,173.9,,,1060.0
32.6,38.0,436.0,443.4,142.0,173.9,,,1062.0
50.0,38.0,344.0,443.0,172.0,174.0,,,1063.0
48.4,39.4,414.0,443.0,200.0,174.3,,,1064.0
41.7,41.4,333.0,442.6,139.0,174.2,,,1066.0
38.5,42.8,396.0,442.3,152.0,174.1,,,1067.0
42.9,44.3,388.0,442.0,166.0,174.2,,,1069.0
42.9,42.5,468.0,442.1,201.0,174.3,,,1070.0
42.9,42.5,426.0,442.0,183.0,174.5,,,1071.0
40.5,42.1,431.0,442.1,175.0,174.7,,,1073.0
42.9,42.9,423.0,442.4,181.0,174.9,,,1074.0
41.7,42.5,494.0,443.1,206.0,175.3,,,1076.0
40.5,41.7,420.0,443.3,170.0,175.4,,,1077.0
44.1,41.7,405.0,443.2,179.0,175.6,,,1079.0
41.7,42.1,436.0,443.2,182.0,175.6,,,1080.0
37.5,41.3,411.0,443.2,154.0,175.6,,,1082.0
41.7,41.3,319.0,442.4,133.0,175.5,,,1083.0
37.5,40.3,444.0,442.5,167.0,175.6,,,1084.0
40.5,39.9,433.0,442.6,176.0,175.8,,,1086.0
39.5,39.2,421.0,442.6,166.0,175.9,,,1088.0
40.5,40.2,438.0,442.5,178.0,176.0,,,1089.0
39.5,39.8,475.0,442.7,188.0,176.1,,,1091.0
39.5,39.8,429.0,442.3,169.0,176.1,,,1092.0
32.6,39.5,368.0,442.2,120.0,176.0,,,1094.0
30.6,37.2,454.0,442.6,139.0,176.1,,,1096.0
39.5,37.2,470.0,442.7,186.0,176.2,,,1097.0
37.5,36.5,485.0,442.0,182.0,176.0,,,1099.0
38.5,36.2,437.0,442.2,168.0,176.3,,,1101.0
39.5,38.5,428.0,442.5,169.0,176.5,,,1102.0
39.5,39.1,459.0,442.7,181.0,176.6,,,1104.0
41.7,39.1,476.0,442.8,198.0,176.8,,,1105.0
38.5,39.1,428.0,442.8,165.0,176.8,,,1107.0
41.7,40.2,437.0,442.8,182.0,176.8,,,1108.0
38.5,39.9,383.0,442.4,147.0,176.9,,,1110.0
38.5,39.5,436.0,442.2,168.0,176.9,,,1111.0
39.5,38.8,358.0,441.7,141.0,176.7,,,1113.0
40.5,39.5,488.0,441.8,198.0,176.8,,,1114.0
41.7,39.5,383.0,441.4,160.0,176.8,,,1116.0
30.0,39.5,425.0,441.3,128.0,176.5,,,1118.0
34.1,38.0,466.0,441.4,159.0,176.4,,,1119.0
37.5,37.4,444.0,441.4,167.0,176.5,,,1121.0
36.6,36.1,432.0,441.4,158.0,176.5,,,1123.0
39.5,36.1,413.0,441.3,163.0,176.4,,,1124.0
38.5,37.5,402.0,440.9,155.0,176.3,,,1126.0
37.5,37.8,442.0,440.9,166.0,176.3,,,1127.0
38.5,38.1,431.0,440.6,166.0,176.2,,,1129.0
37.5,38.1,427.0,440.6,160.0,176.2,,,1131.0
30.6,37.8,479.0,440.5,147.0,176.0,,,1132.0
37.5,37.5,370.0,439.8,139.0,175.8,,,1134.0
39.5,37.8,418.0,439.7,165.0,175.8,,,1136.0
37.5,37.5,392.0,439.5,147.0,175.7,,,1137.0
35.7,36.9,380.0,439.2,136.0,175.6,,,1139.0
51.7,38.2,353.0,438.6,183.0,175.7,,,1140.0
40.5,39.2,383.0,438.6,155.0,175.7,,,1141.0
39.5,39.2,280.0,437.8,111.0,175.4,,,1143.0
41.7,40.6,327.0,437.1,136.0,175.2,,,1144.0
50.0,44.1,284.0,436.2,142.0,175.1,,,1146.0
45.5,42.6,296.0,435.6,135.0,175.0,,,1147.0
40.5,42.6,304.0,434.9,123.0,174.8,,,1149.0
38.5,42.6,306.0,433.8,118.0,174.4,,,1150.0
39.5,41.8,311.0,432.7,123.0,174.1,,,1151.0
41.7,40.6,319.0,432.1,133.0,174.0,,,1153.0
37.5,39.5,348.0,431.6,131.0,173.8,,,1155.0
39.5,39.1,305.0,430.8,120.0,173.6,,,1156.0
41.7,40.2,269.0,429.9,112.0,173.4,,,1158.0
36.6,39.5,380.0,428.8,139.0,173.2,,,1159.0
36.6,37.9,303.0,428.2,111.0,172.8,,,1161.0
41.7,39.2,254.0,427.3,106.0,172.6,,,1162.0
42.9,40.0,280.0,426.8,120.0,172.3,,,1164.0
40.5,39.6,303.0,426.2,123.0,172.1,,,1165.0
39.5,40.6,306.0,425.8,121.0,171.9,,,1167.0
40.5,40.9,215.0,424.7,87.0,171.4,,,1168.0
44.1,41.3,287.0,423.9,127.0,171.2,,,1170.0
37.5,40.2,209.0,423.1,78.0,170.8,,,1171.0
53.6,41.4,402.0,423.5,215.0,171.1,,,1172.0
37.5,40.7,508.0,424.3,191.0,171.4,,,1174.0
24.2,39.7,284.0,423.6,69.0,170.8,,,1176.0
35.7,36.9,352.0,423.1,126.0,170.5,,,1178.0
40.5,37.9,379.0,422.5,154.0,170.4,,,1180.0
38.5,37.2,350.0,422.3,135.0,170.2,,,1181.0
37.5,37.2,344.0,421.9,129.0,170.0,,,1183.0
35.7,37.2,376.0,421.9,134.0,169.8,,,1184.0
39.5,38.5,298.0,421.4,118.0,169.7,,,1186.0
35.7,37.2,367.0,421.0,131.0,169.6,,,1188.0
34.1,36.3,375.0,420.7,128.0,169.4,,,1189.0
28.8,35.2,509.0,421.2,147.0,169.3,,,1191.0
27.3,32.9,318.0,419.9,87.0,168.6,,,1194.0
39.5,32.9,275.0,419.1,109.0,168.3,,,1195.0
38.5,33.8,366.0,418.8,141.0,168.1,,,1197.0
36.6,34.6,321.0,418.2,117.0,167.7,,,1198.0
37.5,37.5,321.0,417.7,120.0,167.4,,,1200.0
37.5,37.8,317.0,416.8,119.0,167.0,,,1201.0
37.5,37.5,342.0,416.2,128.0,166.7,,,1203.0
35.7,37.2,368.0,415.7,131.0,166.4,,,1205.0
37.5,37.5,322.0,414.9,121.0,166.1,,,1206.0
40.5,37.5,310.0,414.2,126.0,165.9,,,1208.0
40.5,38.5,342.0,413.7,139.0,165.6,,,1209.0
38.5,38.8,371.0,413.3,143.0,165.3,,,1211.0
30.6,38.8,527.0,413.5,161.0,165.1,,,1213.0
29.4,36.5,285.0,412.6,84.0,164.5,,,1215.0
39.5,36.2,268.0,411.9,106.0,164.2,,,1216.0
41.7,36.2,283.0,411.2,118.0,164.0,,,1218.0
39.5,36.5,289.0,410.7,114.0,163.8,,,1219.0
38.5,39.1,301.0,409.9,116.0,163.5,,,1221.0
36.6,39.1,326.0,409.4,119.0,163.3,,,1223.0
34.9,38.2,295.0,408.7,103.0,163.0,,,1224.0
31.9,36.6,294.0,407.9,94.0,162.7,,,1226.0
41.7,36.6,307.0,407.3,128.0,162.5,,,1228.0
40.5,37.3,306.0,406.7,124.0,162.2,,,1229.0
40.5,38.7,301.0,405.9,122.0,161.8,,,1231.0
40.5,40.5,329.0,405.0,133.0,161.5,,,1232.0
35.7,40.5,320.0,403.9,114.0,160.9,,,1234.0
31.9,38.9,424.0,403.6,135.0,160.6,,,1236.0
20.5,36.1,474.0,402.9,97.0,160.0,,,1238.0
26.3,31.3,387.0,401.6,102.0,159.6,,,1241.0
31.9,30.0,317.0,401.1,101.0,159.3,,,1243.0
33.3,30.0,355.0,400.9,118.0,159.1,,,1245.0
34.1,30.5,299.0,400.3,102.0,158.7,,,1246.0
41.7,33.1,225.0,399.1,94.0,158.1,,,1248.0
42.9,36.4,263.0,398.1,113.0,157.7,,,1249.0
44.1,39.5,298.0,397.6,131.0,157.6,,,1250.0
44.1,42.9,296.0,397.0,131.0,157.4,,,1252.0
25.4,42.9,280.0,396.4,71.0,156.9,,,1254.0
38.5,41.8,327.0,395.6,126.0,156.6,,,1256.0
36.6,39.7,315.0,394.7,115.0,156.2,,,1257.0
41.7,38.9,301.0,393.6,125.0,156.0,,,1259.0
37.5,37.5,363.0,393.2,136.0,155.9,,,1260.0
28.3,37.5,268.0,392.1,76.0,155.4,,,1262.0
39.5,37.9,269.0,391.4,106.0,155.1,,,1264.0
38.5,38.5,313.0,391.0,120.0,154.9,,,1266.0
39.5,38.5,297.0,390.3,117.0,154.6,,,1267.0
40.5,39.1,354.0,390.0,144.0,154.5,,,1269.0
39.5,39.5,257.0,389.2,101.0,154.1,,,1270.0
46.9,39.8,231.0,388.1,108.0,153.8,,,1271.0
40.5,40.2,395.0,387.8,160.0,153.6,,,1273.0
39.5,40.2,326.0,387.3,129.0,153.4,,,1275.0
35.7,39.8,336.0,386.5,120.0,153.0,,,1276.0
32.6,38.6,350.0,385.9,114.0,152.6,,,1278.0
33.3,36.2,305.0,384.7,102.0,151.9,,,1280.0
37.5,35.5,305.0,383.7,114.0,151.5,,,1282.0
35.7,34.9,283.0,382.8,101.0,151.1,,,1283.0
20.8,33.9,330.0,381.7,69.0,150.2,,,1286.0
36.6,35.2,330.0,380.9,121.0,149.8,,,1287.0
36.6,36.3,347.0,380.3,127.0,149.5,,,1289.0
38.5,36.3,290.0,379.5,112.0,149.2,,,1291.0
35.7,36.3,320.0,379.2,114.0,149.0,,,1292.0
39.5,37.2,239.0,378.1,94.0,148.5,,,1294.0
34.9,36.9,317.0,377.5,111.0,147.9,,,1296.0
34.9,36.4,412.0,377.6,144.0,147.9,,,1297.0
30.0,35.2,305.0,377.2,92.0,147.5,,,1299.0
34.9,34.9,281.0,376.3,98.0,147.0,,,1301.0
36.6,34.9,366.0,375.9,134.0,146.7,,,1303.0
34.9,34.9,316.0,375.1,110.0,146.2,,,1304.0
38.5,35.5,304.0,374.5,117.0,145.9,,,1306.0
37.5,36.3,338.0,374.2,127.0,145.7,,,1308.0
35.7,36.6,276.0,373.4,99.0,145.3,,,1309.0
35.7,36.3,272.0,372.6,97.0,144.9,,,1311.0
35.7,36.3,294.0,371.7,105.0,144.4,,,1313.0
41.7,36.3,364.0,371.3,152.0,144.3,,,1314.0
28.3,35.7,247.0,369.7,70.0,143.5,,,1316.0
41.7,37.7,368.0,369.2,153.0,143.3,,,1318.0
39.5,39.0,279.0,368.3,110.0,142.9,,,1319.0
41.7,40.9,241.0,367.2,100.0,142.5,,,1321.0
37.5,39.5,415.0,367.1,156.0,142.3,,,1322.0
25.4,39.5,256.0,365.3,65.0,141.3,,,1325.0
38.5,38.5,260.0,364.4,100.0,140.8,,,1326.0
41.7,39.2,273.0,363.4,114.0,140.4,,,1328.0
39.5,38.5,306.0,362.7,121.0,140.1,,,1329.0
40.5,39.5,272.0,361.9,110.0,139.7,,,1331.0
41.7,40.6,313.0,361.0,130.0,139.3,,,1332.0
45.5,41.3,312.0,360.1,142.0,139.0,,,1333.0
28.8,40.6,242.0,359.2,70.0,138.4,,,1336.0
35.7,39.3,288.0,358.5,103.0,138.0,,,1337.0
33.3,36.9,281.0,357.1,94.0,137.2,,,1339.0
36.6,35.2,319.0,356.8,117.0,136.8,,,1341.0
36.6,35.2,263.0,355.5,96.0,136.2,,,1342.0
25.0,35.2,290.0,354.7,72.0,135.4,,,1345.0
37.5,35.5,299.0,353.9,112.0,135.0,,,1346.0
37.5,36.9,284.0,353.0,107.0,134.5,,,1348.0
33.3,35.8,261.0,351.7,87.0,133.9,,,1350.0
36.6,35.8,276.0,350.1,101.0,132.9,,,1351.0
35.7,36.6,385.0,349.7,138.0,132.6,,,1353.0
34.1,35.5,351.0,349.1,120.0,132.2,,,1355.0
37.5,35.5,349.0,348.7,131.0,131.9,,,1356.0
34.9,35.7,383.0,348.3,134.0,131.5,,,1358.0
30.6,34.9,244.0,346.7,75.0,131.0,,,1360.0
39.5,35.5,239.0,346.1,94.0,130.8,,,1361.0
44.1,37.3,214.0,344.9,94.0,130.5,,,1363.0
34.9,36.4,368.0,344.7,128.0,129.9,,,1365.0
31.3,35.2,317.0,344.6,99.0,129.7,,,1367.0
29.4,35.2,592.0,345.6,174.0,129.8,,,1368.0
27.3,31.8,244.0,344.2,67.0,128.9,,,1371.0
34.9,31.8,272.0,343.4,95.0,128.4,,,1372.0
34.9,31.8,288.0,342.6,100.0,128.0,,,1374.0
37.5,33.1,308.0,341.1,116.0,127.2,,,1376.0
36.6,35.5,240.0,340.1,88.0,126.7,,,1377.0
45.5,36.3,273.0,339.4,124.0,126.4,,,1379.0
29.4,36.3,311.0,338.7,91.0,126.0,,,1381.0
39.5,37.9,367.0,338.5,145.0,125.9,,,1382.0
25.9,35.2,332.0,338.0,86.0,125.4,,,1385.0
37.5,35.5,258.0,337.5,97.0,125.3,,,1386.0
32.6,33.2,284.0,336.3,93.0,124.6,,,1388.0
34.9,35.0,241.0,335.2,84.0,124.1,,,1390.0
33.3,33.6,301.0,334.2,100.0,123.6,,,1392.0
36.6,34.9,290.0,333.5,106.0,123.2,,,1393.0
36.6,34.9,300.0,333.1,110.0,123.2,,,1395.0
36.6,36.0,337.0,332.5,123.0,123.1,,,1397.0
37.5,36.6,257.0,331.3,96.0,122.6,,,1398.0
38.5,36.9,285.0,330.2,110.0,122.2,,,1400.0
40.5,37.5,263.0,329.2,107.0,121.9,,,1401.0
36.6,37.5,297.0,328.5,109.0,121.5,,,1403.0
40.5,38.8,316.0,327.7,128.0,121.2,,,1404.0
38.5,39.2,318.0,326.9,122.0,120.8,,,1406.0
25.0,38.5,261.0,325.3,65.0,119.9,,,1408.0
37.5,37.5,315.0,324.9,118.0,119.8,,,1410.0
37.5,37.8,326.0,324.3,122.0,119.5,,,1411.0
38.5,37.8,315.0,324.1,121.0,119.4,,,1413.0
38.5,37.8,310.0,323.1,119.0,119.0,,,1415.0
39.5,38.1,267.0,322.5,105.0,118.7,,,1416.0
38.5,38.5,275.0,322.2,106.0,118.6,,,1418.0
39.5,38.8,304.0,321.5,120.0,118.6,,,1419.0
38.5,38.8,372.0,321.0,143.0,118.5,,,1421.0
37.5,38.8,340.0,320.5,128.0,118.3,,,1422.0
36.6,38.1,376.0,320.2,138.0,118.1,,,1424.0
38.5,38.1,338.0,319.7,130.0,118.0,,,1425.0
39.5,38.1,340.0,319.4,134.0,117.9,,,1427.0
38.5,38.1,341.0,318.8,131.0,117.7,,,1429.0
36.6,37.8,372.0,318.5,136.0,117.5,,,1430.0
37.5,38.1,292.0,317.8,110.0,117.2,,,1432.0
37.5,37.8,305.0,316.8,114.0,117.0,,,1433.0
41.7,37.8,296.0,316.4,123.0,117.0,,,1435.0
37.5,37.5,353.0,316.1,132.0,116.8,,,1436.0
36.6,37.5,341.0,315.8,125.0,116.6,,,1438.0
38.5,37.8,356.0,315.6,137.0,116.7,,,1440.0
41.7,39.2,317.0,315.5,132.0,116.4,,,1441.0
42.9,39.2,294.0,315.0,126.0,116.2,,,1443.0
39.5,39.9,298.0,315.1,118.0,116.3,,,1444.0
39.5,40.2,319.0,315.0,126.0,116.2,,,1446.0
39.5,40.2,329.0,315.3,130.0,116.1,,,1447.0
42.9,40.6,338.0,315.5,145.0,116.2,,,1448.0
40.5,39.8,387.0,316.0,157.0,116.4,,,1450.0
40.5,40.2,355.0,316.2,144.0,116.5,,,1451.0
41.7,40.9,205.0,315.6,85.0,116.3,,,1453.0
41.7,41.3,364.0,315.9,152.0,116.4,,,1454.0
37.5,40.9,453.0,316.5,170.0,116.6,,,1456.0
36.6,39.9,349.0,317.0,128.0,116.7,,,1458.0
40.5,39.9,359.0,317.2,146.0,116.9,,,1459.0
38.5,38.8,374.0,317.2,144.0,116.9,,,1461.0
35.7,37.5,403.0,317.7,144.0,117.1,,,1462.0
40.5,38.5,345.0,318.2,140.0,117.3,,,1464.0
41.7,39.8,373.0,318.7,155.0,117.4,,,1465.0
37.5,38.8,423.0,319.4,159.0,117.6,,,1467.0
38.5,38.8,356.0,320.2,137.0,117.9,,,1468.0
44.1,40.2,346.0,320.4,153.0,118.1,,,1470.0
46.9,41.4,343.0,320.7,161.0,118.3,,,1471.0
42.9,41.8,401.0,321.3,172.0,118.3,,,1473.0
38.5,41.8,408.0,320.7,157.0,118.1,,,1474.0
39.5,42.1,366.0,321.0,144.0,118.2,,,1475.0
32.6,40.3,380.0,321.5,124.0,118.5,,,1477.0
42.9,40.3,334.0,321.4,143.0,118.6,,,1479.0
42.9,40.3,377.0,321.4,162.0,118.7,,,1480.0
42.9,41.7,394.0,321.7,169.0,118.8,,,1482.0
41.7,42.5,441.0,322.2,184.0,119.1,,,1483.0
40.5,42.5,419.0,322.4,170.0,119.3,,,1484.0
42.9,42.5,415.0,323.1,178.0,119.7,,,1486.0
35.7,41.7,555.0,324.3,198.0,120.1,,,1487.0
37.5,39.9,383.0,324.4,144.0,120.2,,,1489.0
40.5,39.5,408.0,324.6,165.0,120.4,,,1491.0
40.5,39.5,407.0,324.0,165.0,120.5,,,1492.0
41.7,39.5,419.0,324.6,175.0,120.8,,,1494.0
42.9,40.9,422.0,325.1,181.0,121.3,,,1495.0
39.5,40.9,432.0,326.0,171.0,121.6,,,1496.0
39.5,40.6,452.0,326.4,178.0,121.8,,,1498.0
40.5,40.6,423.0,327.0,171.0,122.1,,,1499.0
39.5,39.8,496.0,328.0,196.0,122.5,,,1501.0
34.1,39.5,505.0,329.0,172.0,122.8,,,1503.0
37.5,38.8,432.0,329.5,162.0,123.0,,,1504.0
40.5,39.2,432.0,329.8,175.0,123.2,,,1506.0
40.5,39.2,413.0,330.3,167.0,123.5,,,1507.0
41.7,39.5,409.0,330.8,170.0,123.7,,,1509.0
41.7,40.9,420.0,331.3,175.0,123.9,,,1510.0
37.5,40.9,428.0,331.6,161.0,124.0,,,1512.0
42.9,41.3,401.0,330.9,172.0,124.1,,,1513.0
45.5,42.1,462.0,331.6,210.0,124.5,,,1514.0
42.9,42.5,447.0,332.5,192.0,125.1,,,1516.0
45.5,43.7,409.0,333.2,186.0,125.6,,,1517.0
48.4,44.6,384.0,333.8,186.0,125.9,,,1518.0
44.1,45.0,440.0,334.6,194.0,126.4,,,1520.0
41.7,44.1,438.0,335.3,182.0,126.7,,,1521.0
41.7,43.7,397.0,335.7,165.0,127.0,,,1523.0
50.0,44.7,413.0,336.1,206.0,127.4,,,1524.0
44.1,43.3,410.0,336.8,181.0,127.8,,,1525.0
46.9,44.2,395.0,337.3,185.0,128.3,,,1527.0
48.4,46.5,430.0,338.0,208.0,128.7,,,1528.0
41.7,46.5,520.0,339.1,217.0,129.2,,,1529.0
37.5,44.2,437.0,339.8,164.0,129.5,,,1531.0
41.7,43.4,451.0,340.5,188.0,129.8,,,1532.0
42.9,42.1,415.0,340.9,178.0,130.0,,,1534.0
46.9,42.1,471.0,341.7,221.0,130.6,,,1535.0
42.9,42.5,461.0,341.9,198.0,130.9,,,1536.0
42.9,42.9,477.0,342.6,204.0,131.3,,,1538.0
42.9,42.9,468.0,342.6,201.0,131.9,,,1539.0
46.9,44.2,457.0,343.2,214.0,132.3,,,1540.0
37.5,42.9,531.0,344.0,199.0,132.8,,,1542.0
33.3,41.1,397.0,344.4,132.0,133.0,,,1544.0
44.1,41.5,418.0,344.7,184.0,133.3,,,1545.0
44.1,41.9,426.0,345.4,188.0,133.8,,,1547.0
45.5,41.9,440.0,346.5,200.0,134.3,,,1548.0
45.5,44.6,459.0,347.1,209.0,134.7,,,1549.0
42.9,44.6,454.0,348.4,195.0,135.2,,,1551.0
44.1,44.6,408.0,349.0,180.0,135.4,,,1552.0
46.9,45.0,457.0,349.5,214.0,135.9,,,1553.0
44.1,44.6,442.0,350.4,195.0,136.5,,,1555.0
42.9,43.7,466.0,351.1,200.0,136.9,,,1556.0
46.9,45.0,509.0,352.0,239.0,137.4,,,1557.0
45.5,45.5,422.0,352.5,192.0,137.8,,,1559.0
39.5,44.1,564.0,353.9,223.0,138.4,,,1560.0
34.9,42.6,542.0,354.8,189.0,138.6,,,1562.0
48.4,43.9,427.0,355.7,207.0,139.3,,,1563.0
48.4,44.4,458.0,356.7,222.0,139.9,,,1564.0
46.9,44.9,451.0,357.1,211.0,140.3,,,1566.0
50.0,47.9,411.0,357.7,205.0,140.7,,,1567.0
44.1,47.9,487.0,358.6,215.0,141.2,,,1568.0
45.5,46.9,425.0,359.0,193.0,141.5,,,1570.0
46.9,46.4,455.0,360.0,213.0,142.1,,,1571.0
44.1,45.5,461.0,361.2,203.0,142.6,,,1572.0
48.4,45.5,480.0,361.7,232.0,143.0,,,1573.0
46.9,46.4,458.0,362.4,215.0,143.4,,,1575.0
48.4,47.4,439.0,362.8,212.0,143.8,,,1576.0
45.5,46.9,422.0,363.2,192.0,144.1,,,1577.0
46.9,47.4,416.0,363.6,195.0,144.5,,,1579.0
51.7,47.4,461.0,364.1,238.0,145.0,,,1580.0
46.9,47.4,406.0,364.6,190.0,145.5,,,1581.0
50.0,47.9,454.0,365.4,227.0,146.1,,,1582.0
42.9,47.9,564.0,366.8,242.0,146.8,,,1583.0
32.6,46.6,445.0,367.2,145.0,146.8,,,1585.0
45.5,45.1,434.0,367.7,197.0,147.4,,,1587.0
51.7,46.1,442.0,368.3,229.0,148.0,,,1588.0
46.9,45.1,456.0,368.8,214.0,148.3,,,1589.0
48.4,46.9,438.0,369.2,212.0,148.8,,,1590.0
48.4,47.9,496.0,370.3,240.0,149.4,,,1592.0
46.9,47.9,437.0,370.9,205.0,149.9,,,1593.0
50.0,47.9,440.0,371.2,220.0,150.2,,,1594.0
45.5,47.9,255.0,371.3,116.0,150.4,,,1595.0
39.5,46.9,567.0,372.6,224.0,150.9,,,1597.0
36.6,43.9,322.0,372.1,118.0,150.8,,,1599.0
44.1,43.0,276.0,372.0,122.0,150.9,,,1600.0
48.4,43.0,289.0,371.5,140.0,150.9,,,1601.0
45.5,43.0,367.0,372.0,167.0,151.2,,,1602.0
45.5,45.0,485.0,372.6,220.0,151.7,,,1604.0
50.0,46.4,361.0,372.8,180.0,152.0,,,1605.0
45.5,46.4,341.0,373.0,155.0,152.2,,,1606.0
45.5,45.5,402.0,373.1,183.0,152.4,,,1608.0
42.9,45.5,387.0,373.4,166.0,152.6,,,1609.0
44.1,45.0,421.0,374.1,186.0,153.0,,,1610.0
39.5,44.1,427.0,374.9,169.0,153.4,,,1612.0
41.7,42.9,427.0,375.6,178.0,153.7,,,1613.0
39.5,41.3,448.0,376.0,177.0,153.9,,,1615.0
41.7,40.9,412.0,376.8,172.0,154.4,,,1616.0
39.5,40.2,417.0,377.1,165.0,154.4,,,1618.0
39.5,40.2,433.0,377.8,171.0,154.7,,,1619.0
40.5,39.8,432.0,378.8,175.0,155.1,,,1621.0
41.7,40.6,437.0,379.1,182.0,155.2,,,1622.0
41.7,40.6,406.0,379.0,169.0,155.3,,,1624.0
39.5,40.6,407.0,379.8,161.0,155.8,,,1625.0
41.7,41.3,436.0,380.7,182.0,156.2,,,1627.0
40.5,41.3,400.0,381.3,162.0,156.4,,,1628.0
40.5,40.9,446.0,382.0,181.0,156.7,,,1630.0
40.5,40.5,389.0,382.6,158.0,157.0,,,1631.0
41.7,40.9,379.0,382.9,158.0,157.1,,,1633.0
37.5,40.5,415.0,383.4,156.0,157.2,,,1635.0
25.0,39.5,379.0,384.1,95.0,157.3,,,1637.0
39.5,39.2,374.0,384.6,148.0,157.5,,,1638.0
41.7,39.5,393.0,385.1,164.0,157.9,,,1640.0
37.5,38.2,423.0,385.6,159.0,158.1,,,1641.0
53.6,39.5,198.0,384.7,106.0,157.8,,,1642.0
48.4,43.2,376.0,385.3,182.0,158.3,,,1643.0
40.5,43.5,310.0,385.4,126.0,158.5,,,1645.0
39.5,42.8,369.0,385.7,146.0,158.7,,,1646.0
42.9,43.9,437.0,386.5,187.0,159.1,,,1648.0
39.5,41.0,315.0,386.1,124.0,158.9,,,1649.0
39.5,39.8,382.0,386.7,151.0,159.3,,,1651.0
42.9,40.6,424.0,387.5,182.0,159.7,,,1652.0
39.5,40.6,408.0,387.6,161.0,159.8,,,1654.0
41.7,40.2,351.0,387.6,146.0,159.9,,,1655.0
39.5,40.2,322.0,387.4,127.0,159.9,,,1657.0
36.6,40.2,312.0,387.1,114.0,159.8,,,1658.0
39.5,39.5,318.0,386.7,126.0,159.6,,,1660.0
41.7,40.2,310.0,387.8,129.0,160.2,,,1662.0
40.5,39.8,320.0,387.5,130.0,160.1,,,1663.0
37.5,39.2,367.0,388.2,138.0,160.3,,,1664.0
36.6,39.2,303.0,387.9,111.0,160.2,,,1666.0
44.1,39.9,396.0,388.3,175.0,160.6,,,1668.0
41.7,39.9,320.0,386.9,133.0,160.4,,,1669.0
41.7,40.3,315.0,386.6,131.0,160.2,,,1670.0
38.5,40.6,394.0,387.3,152.0,160.6,,,1672.0
30.0,40.6,383.0,387.9,115.0,160.7,,,1674.0
28.3,36.7,377.0,388.7,107.0,161.0,,,1676.0
28.3,32.3,309.0,389.0,87.0,161.0,,,1678.0
17.6,28.9,386.0,390.0,68.0,161.0,,,1682.0
35.7,28.9,290.0,389.6,104.0,160.8,,,1683.0
36.6,30.8,335.0,389.6,123.0,161.0,,,1685.0
46.9,33.5,355.0,390.1,166.0,161.4,,,1686.0
28.8,33.7,295.0,390.2,85.0,161.3,,,1688.0
36.6,36.3,282.0,389.6,103.0,161.0,,,1690.0
37.5,36.9,366.0,390.2,137.0,161.3,,,1692.0
35.7,36.6,327.0,390.9,117.0,161.7,,,1693.0
37.5,36.6,261.0,390.2,98.0,161.3,,,1695.0
35.7,36.6,279.0,390.1,100.0,161.3,,,1697.0
21.4,36.3,266.0,390.4,57.0,161.3,,,1699.0
35.7,35.7,309.0,390.5,110.0,161.3,,,1701.0
37.5,36.3,320.0,390.8,120.0,161.4,,,1702.0
35.7,35.7,287.0,390.8,103.0,161.3,,,1704.0
30.0,33.8,282.0,391.0,85.0,161.3,,,1706.0
33.3,34.9,200.0,390.0,67.0,160.8,,,1708.0
31.9,33.7,265.0,390.0,85.0,160.9,,,1710.0
29.4,31.7,290.0,390.2,85.0,161.0,,,1712.0
30.6,30.8,270.0,390.0,83.0,160.8,,,1714.0
33.3,32.0,335.0,390.1,112.0,160.8,,,1716.0
36.6,32.0,317.0,390.4,116.0,160.8,,,1717.0
35.7,33.2,374.0,391.3,134.0,161.2,,,1719.0
35.7,34.9,248.0,390.6,89.0,160.8,,,1721.0
42.9,36.0,237.0,389.9,102.0,160.6,,,1722.0
29.4,36.0,321.0,389.8,94.0,160.4,,,1723.0
26.8,33.6,261.0,389.3,70.0,160.1,,,1725.0
37.5,34.2,177.0,388.5,66.0,159.8,,,1726.0
34.9,33.9,253.0,388.0,88.0,159.5,,,1728.0
27.8,30.7,363.0,388.2,101.0,159.5,,,1730.0
32.6,31.8,252.0,388.0,82.0,159.4,,,1732.0
37.5,35.0,223.0,387.6,84.0,159.2,,,1734.0
34.9,34.1,285.0,387.6,99.0,159.1,,,1736.0
39.5,35.0,289.0,387.2,114.0,159.0,,,1737.0
38.5,36.9,224.0,386.7,86.0,158.8,,,1739.0
36.6,37.5,265.0,386.2,97.0,158.6,,,1740.0
30.6,36.6,241.0,385.8,74.0,158.3,,,1742.0
28.8,35.2,278.0,386.2,80.0,158.3,,,1744.0
27.3,32.0,237.0,385.8,65.0,158.0,,,1746.0
37.5,32.0,265.0,385.4,99.0,157.8,,,1748.0
26.8,28.9,207.0,384.8,55.0,157.4,,,1751.0
38.5,31.2,255.0,384.3,98.0,157.1,,,1752.0
39.5,34.4,217.0,384.3,86.0,157.1,,,1753.0
36.6,37.5,318.0,384.1,116.0,157.0,,,1755.0
31.3,35.4,287.0,383.3,90.0,156.6,,,1757.0
35.7,36.9,280.0,382.9,100.0,156.4,,,1759.0
50.0,37.3,251.0,382.4,125.0,156.3,,,1760.0
24.6,34.5,252.0,381.6,62.0,156.0,,,1763.0
20.8,30.5,380.0,381.9,79.0,155.7,,,1765.0
30.6,30.3,248.0,381.0,76.0,155.2,,,1767.0
31.3,28.8,283.0,380.6,88.0,155.0,,,1769.0
31.3,28.8,264.0,380.4,83.0,154.6,,,1771.0
26.8,29.5,259.0,379.6,69.0,154.1,,,1773.0
30.0,30.6,232.0,378.8,70.0,153.7,,,1775.0
34.1,30.8,207.0,377.9,71.0,153.4,,,1777.0
31.9,31.1,261.0,377.5,83.0,153.1,,,1779.0
29.4,30.4,530.0,378.3,156.0,153.1,,,1782.0
35.7,32.0,233.0,377.5,83.0,152.6,,,1783.0
25.0,31.8,216.0,376.1,54.0,151.8,,,1785.0
34.1,31.8,189.0,374.9,64.0,151.3,,,1787.0
31.9,31.8,248.0,373.4,79.0,150.6,,,1789.0
30.6,32.2,284.0,372.7,87.0,150.3,,,1791.0
30.0,30.8,222.0,371.7,67.0,149.8,,,1793.0
33.3,32.0,260.0,370.9,87.0,149.3,,,1794.0
26.3,30.8,224.0,369.5,59.0,148.5,,,1797.0
25.4,29.0,229.0,368.3,58.0,147.9,,,1799.0
34.9,29.9,255.0,366.8,89.0,147.2,,,1801.0
33.3,31.0,257.0,365.5,86.0,146.8,,,1803.0
36.6,31.5,261.0,364.9,95.0,146.5,,,1804.0
31.3,33.2,301.0,363.9,94.0,146.0,,,1806.0
46.9,34.9,248.0,363.0,116.0,145.7,,,1807.0
32.6,34.2,224.0,362.1,73.0,145.2,,,1809.0
31.9,33.7,275.0,361.3,88.0,144.8,,,1811.0
35.7,33.4,265.0,360.4,95.0,144.4,,,1813.0
35.7,34.7,140.0,358.5,50.0,143.4,,,1815.0
34.9,34.4,265.0,357.6,92.0,142.9,,,1816.0
28.8,34.2,368.0,357.2,106.0,142.2,,,1819.0
20.8,33.1,265.0,356.3,55.0,141.5,,,1821.0
34.1,32.6,248.0,355.0,85.0,140.9,,,1823.0
30.6,31.2,247.0,354.1,76.0,140.2,,,1825.0
31.9,30.5,227.0,352.9,72.0,139.3,,,1827.0
33.3,32.0,211.0,351.8,70.0,138.6,,,1829.0
33.3,32.9,184.0,350.0,61.0,137.8,,,1831.0
34.1,32.9,242.0,348.4,83.0,137.0,,,1832.0
31.3,32.9,290.0,347.7,91.0,136.6,,,1834.0
28.3,32.6,225.0,345.7,64.0,135.4,,,1836.0
28.8,31.1,313.0,344.8,90.0,134.8,,,1838.0
28.3,29.5,289.0,343.2,82.0,133.7,,,1840.0
34.9,29.5,254.0,341.7,89.0,133.1,,,1842.0
30.0,29.0,282.0,341.1,85.0,132.8,,,1844.0
30.6,29.8,215.0,340.0,66.0,132.2,,,1846.0
29.4,30.0,320.0,338.9,94.0,131.3,,,1848.0
23.4,30.0,206.0,336.8,48.0,130.0,,,1851.0
29.4,29.6,292.0,336.2,86.0,129.5,,,1853.0
26.8,28.5,261.0,334.5,70.0,128.4,,,1855.0
34.9,28.5,338.0,333.8,118.0,127.9,,,1857.0
30.0,28.7,203.0,332.1,61.0,126.9,,,1859.0
34.9,31.4,203.0,329.6,71.0,125.7,,,1860.0
38.5,33.3,197.0,327.6,76.0,125.1,,,1862.0
30.6,33.5,250.0,326.7,77.0,124.4,,,1864.0
45.5,34.7,228.0,325.4,104.0,123.7,,,1865.0
23.4,34.7,209.0,323.5,49.0,122.3,,,1868.0
31.3,33.4,248.0,321.6,78.0,121.2,,,1870.0
39.5,33.8,259.0,320.5,102.0,120.5,,,1872.0
22.1,31.4,181.0,318.0,40.0,119.0,,,1874.0
28.3,27.7,163.0,315.6,46.0,117.5,,,1876.0
32.6,30.7,228.0,314.5,74.0,116.8,,,1878.0
25.9,28.9,268.0,312.8,69.0,115.4,,,1880.0
30.6,28.3,314.0,311.5,96.0,114.2,,,1882.0
31.3,30.1,149.0,309.1,47.0,113.1,,,1884.0
31.9,31.3,229.0,307.8,73.0,112.6,,,1886.0
23.8,29.2,383.0,306.8,91.0,111.3,,,1889.0
20.5,28.6,199.0,304.5,41.0,109.7,,,1891.0
31.3,28.8,200.0,302.0,63.0,108.1,,,1893.0
31.9,29.0,233.0,300.7,74.0,107.3,,,1895.0
33.3,29.0,224.0,299.0,75.0,106.4,,,1897.0
26.3,29.8,320.0,299.0,84.0,106.2,,,1899.0
25.9,29.8,381.0,299.7,99.0,105.8,,,1902.0
28.3,28.8,271.0,299.1,77.0,105.3,,,1904.0
28.8,27.8,241.0,297.3,70.0,103.9,,,1906.0
40.5,27.8,249.0,296.7,101.0,103.6,,,1907.0
31.3,29.5,275.0,295.4,86.0,102.7,,,1909.0
37.5,32.5,190.0,294.0,71.0,102.0,,,1911.0
35.7,34.8,249.0,292.9,89.0,101.5,,,1912.0
34.1,35.8,256.0,291.9,87.0,100.9,,,1914.0
29.4,33.7,261.0,290.8,77.0,100.3,,,1916.0
30.6,33.5,262.0,289.1,80.0,99.4,,,1918.0
33.3,32.7,247.0,288.0,82.0,98.8,,,1920.0
34.9,32.7,273.0,287.0,95.0,98.4,,,1922.0
26.8,31.1,220.0,285.0,59.0,97.2,,,1924.0
34.1,32.7,283.0,284.2,96.0,96.8,,,1926.0
31.9,33.1,363.0,283.8,116.0,96.4,,,1928.0
28.8,31.6,215.0,281.6,62.0,95.2,,,1930.0
33.3,31.4,257.0,280.8,86.0,94.8,,,1932.0
32.6,32.6,261.0,280.1,85.0,94.3,,,1934.0
31.9,32.1,255.0,279.1,81.0,93.9,,,1935.0
34.1,32.6,241.0,278.3,82.0,93.8,,,1937.0
34.9,33.3,254.0,277.5,89.0,93.4,,,1939.0
31.3,32.9,333.0,277.2,104.0,93.1,,,1941.0
23.8,32.4,239.0,276.5,57.0,92.4,,,1943.0
33.3,32.9,268.0,275.6,89.0,91.6,,,1945.0
34.9,33.2,249.0,274.9,87.0,91.2,,,1947.0
34.9,33.2,225.0,273.6,78.0,90.5,,,1949.0
38.5,34.4,264.0,273.3,102.0,90.4,,,1950.0
30.6,34.4,270.0,272.6,83.0,90.0,,,1952.0
33.3,34.4,219.0,271.3,73.0,89.3,,,1954.0
33.3,33.9,260.0,269.9,87.0,88.5,,,1956.0
33.3,33.3,275.0,269.6,92.0,88.3,,,1958.0
27.3,32.4,264.0,269.3,72.0,88.0,,,1960.0
19.0,31.3,254.0,268.3,48.0,87.0,,,1963.0
31.9,30.8,305.0,267.9,97.0,86.7,,,1965.0
34.1,30.8,270.0,267.7,92.0,86.6,,,1966.0
31.9,30.4,268.0,266.9,86.0,86.0,,,1968.0
40.5,32.6,275.0,266.6,111.0,85.9,,,1970.0
35.7,33.9,224.0,266.0,80.0,85.6,,,1972.0
30.6,33.9,358.0,265.8,110.0,85.3,,,1973.0
34.9,34.2,120.0,264.1,42.0,84.9,,,1975.0
34.9,35.2,278.0,263.5,97.0,84.8,,,1977.0
34.9,34.9,257.0,263.2,90.0,84.8,,,1979.0
27.8,33.5,337.0,263.6,94.0,84.9,,,1981.0
28.3,32.7,226.0,262.6,64.0,84.8,,,1983.0
34.9,32.7,192.0,262.0,67.0,84.6,,,1985.0
35.7,32.7,236.0,261.4,84.0,84.4,,,1986.0
31.9,31.7,309.0,261.1,99.0,83.9,,,1988.0
25.4,31.7,245.0,260.7,62.0,83.7,,,1991.0
34.9,33.9,229.0,259.8,80.0,83.3,,,1992.0
30.6,32.5,452.0,260.6,138.0,83.4,,,1994.0
25.4,29.3,213.0,260.2,54.0,83.1,,,1997.0
35.7,30.3,216.0,259.9,77.0,83.0,,,1998.0
37.5,33.7,303.0,260.1,114.0,83.4,,,2000.0
36.6,34.3,207.0,259.5,76.0,83.2,,,2001.0
31.9,34.7,241.0,259.0,77.0,82.9,,,2004.0
32.6,35.0,208.0,258.5,68.0,82.7,,,2005.0
37.5,35.6,303.0,258.6,114.0,82.9,,,2007.0
27.3,33.7,309.0,259.3,84.0,83.0,,,2009.0
30.0,31.5,240.0,259.1,72.0,82.9,,,2011.0
36.6,33.1,221.0,258.7,81.0,82.9,,,2013.0
35.7,34.1,253.0,258.6,90.0,82.9,,,2014.0
30.0,31.9,267.0,258.2,80.0,82.7,,,2016.0
36.6,34.1,381.0,258.6,139.0,82.8,,,2018.0
33.3,35.2,303.0,258.1,101.0,82.6,,,2020.0
35.7,34.9,321.0,258.6,115.0,82.8,,,2021.0
36.6,35.2,336.0,258.8,123.0,82.9,,,2023.0
34.1,35.5,248.0,258.7,85.0,82.9,,,2025.0
35.7,35.2,283.0,259.4,101.0,83.2,,,2027.0
39.5,36.0,306.0,259.7,121.0,83.4,,,2028.0
35.7,36.0,295.0,260.0,105.0,83.5,,,2030.0
30.6,35.2,278.0,259.4,85.0,83.4,,,2032.0
29.4,34.0,502.0,261.0,148.0,83.8,,,2034.0
28.8,31.9,227.0,260.9,65.0,83.6,,,2036.0
37.5,31.9,221.0,260.4,83.0,83.4,,,2037.0
40.5,32.5,241.0,260.5,98.0,83.5,,,2039.0
31.9,32.9,405.0,261.4,129.0,83.7,,,2041.0
29.4,32.9,230.0,261.4,68.0,83.7,,,2043.0
34.1,34.5,239.0,261.1,81.0,83.7,,,2045.0
37.5,34.5,296.0,261.3,111.0,83.9,,,2046.0
68.2,34.5,224.0,261.3,153.0,84.4,,,2047.0
36.6,36.1,255.0,261.2,93.0,84.4,,,2049.0
37.5,37.2,232.0,261.0,87.0,84.4,,,2050.0
34.9,37.2,257.0,261.3,90.0,84.6,,,2052.0
35.7,36.6,261.0,261.6,93.0,84.6,,,2054.0
35.7,36.0,328.0,261.7,117.0,84.6,,,2055.0
26.3,35.4,239.0,261.4,63.0,84.4,,,2058.0
28.3,33.0,254.0,261.2,72.0,84.2,,,2060.0
30.6,31.5,324.0,261.7,99.0,84.1,,,2062.0
34.9,31.3,275.0,261.8,96.0,84.3,,,2063.0
31.9,30.3,245.0,261.0,78.0,84.3,,,2065.0
36.6,32.5,321.0,261.4,117.0,84.5,,,2067.0
32.6,33.1,264.0,261.5,86.0,84.5,,,2069.0
38.5,34.7,258.0,261.3,99.0,84.6,,,2070.0
34.9,34.7,277.0,261.4,97.0,84.7,,,2072.0
35.7,35.7,322.0,261.8,115.0,85.0,,,2074.0
36.6,35.7,355.0,262.4,130.0,85.3,,,2075.0
34.9,35.7,284.0,262.7,99.0,85.4,,,2077.0
37.5,35.7,291.0,263.2,109.0,85.7,,,2079.0
35.7,36.0,261.0,263.2,93.0,85.8,,,2080.0
34.1,35.7,261.0,261.5,89.0,85.3,,,2082.0
32.6,34.9,194.0,261.3,63.0,85.2,,,2084.0
34.1,34.6,242.0,261.5,83.0,85.4,,,2086.0
31.9,33.6,253.0,261.9,81.0,85.5,,,2088.0
36.6,33.6,303.0,262.2,111.0,85.7,,,2089.0
28.3,32.9,249.0,262.0,70.0,85.6,,,2092.0
35.7,33.9,284.0,262.4,101.0,85.8,,,2093.0
48.4,34.7,104.0,261.4,50.0,85.6,,,2095.0
35.7,36.0,260.0,261.4,93.0,85.6,,,2096.0
33.3,34.9,278.0,261.7,93.0,85.8,,,2098.0
34.9,35.4,283.0,262.1,99.0,86.1,,,2099.0
34.9,35.2,249.0,262.0,87.0,86.1,,,2101.0
35.7,35.2,311.0,262.4,111.0,86.2,,,2103.0
32.6,34.4,291.0,262.5,95.0,86.2,,,2105.0
32.6,34.1,299.0,262.5,98.0,86.2,,,2107.0
32.6,33.4,316.0,263.0,103.0,86.2,,,2108.0
34.9,33.4,248.0,263.1,87.0,86.3,,,2110.0
35.7,33.4,248.0,262.9,89.0,86.3,,,2112.0
34.1,33.9,256.0,262.9,87.0,86.2,,,2114.0
36.6,34.9,264.0,263.7,97.0,86.5,,,2115.0
34.9,35.2,248.0,263.5,87.0,86.5,,,2117.0
33.3,34.9,294.0,263.1,98.0,86.4,,,2119.0
28.8,34.1,237.0,262.9,68.0,86.3,,,2121.0
36.6,34.9,259.0,262.9,95.0,86.6,,,2123.0
39.5,34.9,304.0,263.2,120.0,86.8,,,2124.0
32.6,34.2,298.0,263.5,97.0,86.9,,,2126.0
32.6,33.9,261.0,263.8,85.0,87.0,,,2128.0
34.9,34.7,266.0,264.1,93.0,87.1,,,2129.0
30.0,33.4,278.0,264.7,83.0,87.3,,,2131.0
34.1,33.1,246.0,264.7,84.0,87.3,,,2133.0
33.3,33.3,276.0,264.6,92.0,87.3,,,2135.0
34.1,33.8,241.0,264.7,82.0,87.4,,,2137.0
34.9,33.8,258.0,264.7,90.0,87.4,,,2138.0
30.0,33.8,267.0,264.4,80.0,87.3,,,2140.0
34.1,33.8,277.0,264.3,94.0,87.4,,,2142.0
32.6,33.6,347.0,264.9,113.0,87.6,,,2144.0
31.9,32.9,286.0,264.9,91.0,87.6,,,2146.0
38.5,32.9,260.0,265.2,100.0,87.8,,,2147.0
31.9,32.9,265.0,264.9,85.0,87.7,,,2150.0
33.3,32.6,317.0,265.5,106.0,88.1,,,2151.0
35.7,33.7,290.0,265.5,104.0,88.2,,,2153.0
31.3,33.7,341.0,266.0,107.0,88.3,,,2155.0
33.3,32.9,354.0,266.5,118.0,88.6,,,2157.0
34.1,33.6,280.0,266.2,95.0,88.5,,,2158.0
36.6,34.4,298.0,266.8,109.0,88.8,,,2160.0
40.5,34.7,194.0,266.7,79.0,88.8,,,2162.0
37.5,36.1,382.0,267.8,143.0,89.2,,,2163.0
22.4,36.1,235.0,268.0,53.0,89.0,,,2166.0
37.5,37.2,245.0,267.9,92.0,89.0,,,2167.0
34.9,36.6,240.0,268.0,84.0,89.2,,,2169.0
35.7,36.0,288.0,268.3,103.0,89.4,,,2171.0
31.3,33.9,283.0,268.4,88.0,89.3,,,2173.0
31.9,34.2,322.0,269.3,103.0,89.7,,,2175.0
31.9,32.9,248.0,269.8,79.0,89.9,,,2177.0
34.1,32.6,223.0,269.8,76.0,89.9,,,2178.0
32.6,32.1,200.0,269.4,65.0,89.7,,,2180.0
28.8,32.1,223.0,269.1,64.0,89.7,,,2182.0
31.9,32.1,243.0,269.4,78.0,89.9,,,2184.0
35.7,32.9,271.0,269.4,97.0,89.9,,,2186.0
33.3,32.6,269.0,269.6,90.0,90.0,,,2188.0
33.3,32.9,278.0,269.0,93.0,90.0,,,2189.0
