Time,BR,VT,VE,HR,External Heart Rate,VT calibrated,VT calibrated inst,VE calibrated,VE calibrated inst,VE 15 sec sum
0.0,,,,,,,,,,
1.0,,,,,,,,,,
2.0,,,,55.0,,,,,,
3.0,,,,54.0,,,,,,
4.0,,,,54.0,,,,,,
5.0,,,,54.0,,,,,,
6.0,10.2,246.0,13.5,54.0,,,,,,
7.0,10.21,246.4,13.88,54.0,,,,,,
8.0,10.22,246.9,14.26,54.0,,,,,,
9.0,10.23,247.4,14.64,53.0,,,,,,
10.0,10.24,247.8,15.02,52.0,,,,,,
11.0,10.25,248.3,15.4,52.0,,,,,,
12.0,10.26,248.7,15.72,52.0,,,,,,
13.0,10.26,249.0,16.01,52.0,,,,,,
14.0,10.27,249.4,16.3,51.0,,,,,,
15.0,10.28,249.7,16.59,51.0,,,,,,
16.0,10.28,250.1,16.88,51.0,,,,,,
17.0,10.29,250.4,17.17,51.0,,,,,,
18.0,10.3,250.8,17.46,51.0,,,,,,
19.0,10.3,251.2,17.77,50.0,,,,,,
20.0,10.31,251.6,18.17,50.0,,,,,,
21.0,10.32,252.1,18.58,49.0,,,,,,
22.0,10.33,252.6,18.98,49.0,,,,,,
23.0,10.34,253.1,19.38,49.0,,,,,,
24.0,10.35,253.6,19.79,49.0,,,,,,
25.0,10.36,254.0,20.13,49.0,,,,,,
26.0,10.36,254.4,20.45,49.0,,,,,,
27.0,10.37,254.8,20.76,49.0,,,,,,
28.0,10.38,255.2,21.08,49.0,,,,,,
29.0,10.39,255.6,21.4,49.0,,,,,,
30.0,10.39,255.9,21.71,49.0,,,,,,
31.0,10.4,256.3,22.03,49.0,,,,,,
32.0,10.41,256.7,22.33,49.0,,,,,,
33.0,10.41,257.1,22.63,49.0,,,,,,
34.0,10.42,257.4,22.92,49.0,,,,,,
35.0,10.43,257.8,23.22,49.0,,,,,,
36.0,10.44,258.1,23.52,50.0,,,,,,
37.0,10.44,258.5,23.81,50.0,,,,,,
38.0,10.45,258.9,24.11,50.0,,,,,,
39.0,10.46,259.2,24.42,50.0,,,,,,
40.0,10.46,259.6,24.74,49.0,,,,,,
41.0,10.47,260.0,25.07,49.0,,,,,,
42.0,10.48,260.4,25.39,49.0,,,,,,
43.0,10.49,260.8,25.72,49.5,,,,,,
44.0,10.49,261.2,26.04,50.0,,,,,,
45.0,10.5,261.6,26.37,50.0,,,,,,
46.0,10.51,262.0,26.72,50.0,,,,,,
47.0,10.52,262.5,27.08,50.0,,,,,,
48.0,10.53,262.9,27.44,50.0,,,,,,
49.0,10.53,263.4,27.81,51.0,,,,,,
50.0,10.54,263.8,28.17,51.0,,,,,,
51.0,10.55,264.2,28.53,51.0,,,,,,
52.0,10.58,264.6,28.87,51.0,,,,,,
53.0,10.62,265.0,29.18,50.0,,,,,,
54.0,10.66,265.4,29.5,50.0,,,,,,
55.0,10.69,265.8,29.82,50.0,,,,,,
56.0,10.73,266.2,30.13,50.0,,,,,,
57.0,10.77,266.6,30.45,52.0,,,,,,
58.0,10.81,266.9,30.77,52.0,,,,,,
59.0,10.89,267.3,31.05,52.0,,,,,,
60.0,10.99,267.6,31.31,51.0,,,,,,
61.0,11.09,267.9,31.58,50.0,,,,,,
62.0,11.19,268.3,31.84,50.0,,,,,,
63.0,11.29,268.6,32.11,50.0,,,,,,
64.0,11.39,268.9,32.37,50.0,,,,,,
65.0,11.49,269.2,32.64,50.0,,,,,,
66.0,11.59,269.5,32.9,51.0,,,,,,
67.0,12.05,270.7,33.82,50.0,,,,,,
68.0,12.82,272.4,35.28,50.0,,,,,,
69.0,12.95,272.7,35.51,51.0,,,,,,
70.0,13.08,273.0,35.75,51.0,,,,,,
71.0,13.21,273.3,35.98,52.0,,,,,,
72.0,13.35,273.6,36.22,54.0,,,,,,
73.0,13.48,273.9,36.45,55.0,,,,,,
74.0,13.61,274.1,36.68,56.0,,,,,,
75.0,13.74,274.4,36.92,56.0,,,,,,
76.0,13.88,274.7,37.15,56.0,,,,,,
77.0,14.01,275.0,37.39,55.0,,,,,,
78.0,14.1,275.3,37.64,54.0,,,,,,
79.0,14.19,275.6,37.89,53.0,,,,,,
80.0,14.27,275.9,38.14,52.0,,,,,,
81.0,14.36,276.2,38.4,52.0,,,,,,
82.0,14.44,276.5,38.65,52.0,,,,,,
83.0,14.53,276.8,38.9,53.0,,,,,,
84.0,14.61,277.1,39.16,53.0,,,,,,
85.0,14.7,277.5,39.41,52.0,,,,,,
86.0,14.78,277.8,39.67,51.0,,,,,,
87.0,14.83,278.1,39.95,51.0,,,,,,
88.0,14.88,278.5,40.24,50.0,,,,,,
89.0,14.94,278.8,40.52,49.0,,,,,,
90.0,14.99,279.1,40.8,49.0,,,,,,
91.0,15.04,279.5,41.09,49.0,,,,,,
92.0,15.1,279.8,41.37,49.0,,,,,,
93.0,15.15,280.2,41.65,50.0,,,,,,
94.0,15.27,281.2,42.48,51.0,,,,,,
95.0,15.46,283.1,44.02,50.0,,,,,,
96.0,15.6,286.3,45.13,50.0,,,,,,
97.0,15.74,289.5,46.25,50.0,,,,,,
98.0,16.07,295.3,47.73,50.0,,,,,,
99.0,16.45,300.8,48.91,53.0,,,,,,
100.0,16.56,301.2,49.06,55.0,,,,,,
101.0,16.66,301.7,49.22,57.0,,,,,,
102.0,16.77,302.2,49.38,59.0,,,,,,
103.0,16.88,302.6,49.54,61.0,,,,,,
104.0,16.98,303.1,49.7,64.0,,,,,,
105.0,17.09,303.5,49.85,65.0,,,,,,
106.0,17.2,304.0,50.01,65.0,,,,,,
107.0,17.31,304.4,50.17,63.0,,,,,,
108.0,17.41,304.9,50.33,62.0,,,,,,
109.0,17.52,305.4,50.48,62.0,,,,,,
110.0,17.76,306.3,50.78,63.0,,,,,,
111.0,18.07,307.4,51.14,64.0,,,,,,
112.0,18.37,308.6,51.49,66.0,,,,,,
113.0,18.68,309.8,51.85,69.0,,,,,,
114.0,18.98,310.9,52.21,70.0,,,,,,
115.0,19.36,312.7,52.64,71.0,,,,,,
116.0,19.79,314.9,53.12,71.0,,,,,,
117.0,20.22,317.1,53.61,71.0,,,,,,
118.0,20.65,319.3,54.09,72.0,,,,,,
119.0,21.08,321.5,54.58,72.0,,,,,,
120.0,21.77,323.3,55.11,74.0,,,,,,
121.0,22.48,325.0,55.65,74.0,,,,,,
122.0,23.15,326.8,56.17,75.0,,,,,,
123.0,23.53,328.5,56.62,77.0,,,,,,
124.0,23.9,330.1,57.08,78.0,,,,,,
125.0,24.27,331.8,57.53,79.0,,,,,,
126.0,24.65,333.5,57.98,80.0,,,,,,
127.0,24.75,335.1,58.43,81.0,,,,,,
128.0,24.84,336.7,58.88,84.0,,,,,,
129.0,24.94,338.3,59.33,85.0,,,,,,
130.0,24.98,340.0,60.02,87.0,,,,,,
131.0,24.89,342.0,61.36,89.0,,,,,,
132.0,24.09,350.7,64.11,91.0,,,,,,
133.0,23.03,346.2,64.14,93.0,,,,,,
134.0,22.71,338.4,63.95,95.0,,,,,,
135.0,22.66,338.5,64.58,96.0,,,,,,
136.0,22.61,338.6,65.22,98.0,,,,,,
137.0,22.56,338.7,65.86,99.0,,,,,,
138.0,22.57,339.9,66.49,101.0,,,,,,
139.0,22.6,341.3,67.12,101.0,,,,,,
140.0,22.62,342.7,67.76,103.0,,,,,,
141.0,22.64,344.2,68.39,103.5,,,,,,
142.0,22.66,345.6,69.03,104.0,,,,,,
143.0,22.74,349.8,69.68,105.0,,,,,,
144.0,22.83,354.5,70.34,105.0,,,,,,
145.0,22.91,359.2,70.99,106.0,,,,,,
146.0,22.96,363.1,71.53,106.0,,,,,,
147.0,23.0,366.6,72.0,107.0,,,,,,
148.0,23.04,370.0,72.48,107.0,,,,,,
149.0,23.06,373.7,72.96,107.0,,,,,,
150.0,23.05,378.5,73.43,108.0,,,,,,
151.0,23.04,383.3,73.91,108.0,,,,,,
152.0,23.02,388.1,74.38,108.0,,,,,,
153.0,22.91,391.3,74.9,108.0,,,,,,
154.0,22.75,393.7,75.43,108.0,,,,,,
155.0,22.59,396.1,75.97,108.0,,,,,,
156.0,22.43,398.6,76.51,108.0,,,,,,
157.0,22.09,398.9,76.86,108.0,,,,,,
158.0,21.73,398.9,77.2,108.0,,,,,,
159.0,21.38,399.0,77.54,108.0,,,,,,
160.0,20.98,400.3,78.05,108.0,,,,,,
161.0,20.58,401.7,78.56,108.0,,,,,,
162.0,20.18,403.0,79.08,108.0,,,,,,
163.0,19.78,404.5,79.56,109.0,,,,,,
164.0,19.42,406.4,79.92,109.0,,,,,,
165.0,19.05,408.3,80.29,109.0,,,,,,
166.0,18.68,410.2,80.66,110.0,,,,,,
167.0,18.43,411.9,81.15,110.0,,,,,,
168.0,18.22,413.6,81.68,110.0,,,,,,
169.0,18.01,415.2,82.22,110.0,,,,,,
170.0,17.84,416.5,82.66,111.0,,,,,,
171.0,17.79,416.5,82.81,111.0,,,,,,
172.0,17.74,416.4,82.95,111.0,,,,,,
173.0,17.69,416.4,83.09,111.0,,,,,,
174.0,17.72,418.2,83.48,111.5,,,,,,
175.0,17.85,422.2,84.19,112.0,,,,,,
176.0,17.97,426.3,84.89,111.0,,,,,,
177.0,18.08,430.0,85.41,111.0,,,,,,
178.0,18.14,433.0,85.42,111.0,,,,,,
179.0,18.19,436.0,85.44,111.0,,,,,,
180.0,18.25,438.9,85.46,110.0,,,,,,
181.0,18.29,440.5,85.0,110.0,,,,,,
182.0,18.32,441.5,84.39,110.0,,,,,,
183.0,18.35,442.6,83.78,110.0,,,,,,
184.0,18.39,445.5,83.56,110.0,,,,,,
185.0,18.46,457.4,85.34,110.0,,,,,,
186.0,18.54,460.6,86.14,110.0,,,,,,
187.0,18.62,461.9,86.72,110.0,,,,,,
188.0,18.68,462.9,87.16,109.0,,,,,,
189.0,18.73,463.8,87.56,109.0,,,,,,
190.0,18.77,464.8,87.96,108.0,,,,,,
191.0,18.82,465.7,88.35,108.0,,,,,,
192.0,18.88,465.7,88.63,108.0,,,,,,
193.0,18.94,465.7,88.92,108.0,,,,,,
194.0,19.0,465.7,89.2,107.0,,,,,,
195.0,19.06,465.8,89.48,107.0,,,,,,
196.0,19.15,466.1,89.73,108.0,,,,,,
197.0,19.24,466.4,89.98,108.0,,,,,,
198.0,19.33,466.5,90.16,108.0,,,,,,
199.0,19.41,466.3,90.24,108.0,,,,,,
200.0,19.48,466.2,90.31,109.0,,,,,,
201.0,19.56,466.1,90.39,109.0,,,,,,
202.0,19.63,467.1,90.72,109.0,,,,,,
203.0,19.71,468.3,91.11,109.0,,,,,,
204.0,19.78,469.6,91.5,109.0,,,,,,
205.0,19.85,470.8,91.85,110.0,,,,,,
206.0,19.93,472.1,92.14,110.0,,,,,,
207.0,20.0,473.4,92.43,110.0,,,,,,
208.0,20.06,474.0,92.69,110.0,,,,,,
209.0,20.11,473.5,92.93,110.0,,,,,,
210.0,20.16,473.1,93.16,111.0,,,,,,
211.0,20.17,470.7,92.95,111.0,,,,,,
212.0,20.16,466.5,92.36,111.0,,,,,,
213.0,20.15,462.3,91.76,111.0,,,,,,
214.0,20.13,460.8,91.92,112.0,,,,,,
215.0,20.11,461.5,92.66,112.0,,,,,,
216.0,20.09,462.2,93.4,112.0,,,,,,
217.0,20.08,462.4,93.74,112.0,,,,,,
218.0,20.06,462.6,93.91,112.0,,,,,,
219.0,20.04,462.7,94.07,112.0,,,,,,
220.0,20.01,463.1,94.23,112.0,,,,,,
221.0,19.98,463.6,94.38,112.0,,,,,,
222.0,19.94,464.1,94.54,112.0,,,,,,
223.0,19.96,462.8,94.47,112.0,,,,,,
224.0,20.0,461.3,94.35,112.0,,,,,,
225.0,20.03,459.7,94.24,112.0,,,,,,
226.0,20.07,461.4,94.7,112.0,,,,,,
227.0,20.11,463.2,95.18,112.0,,,,,,
228.0,20.16,465.0,95.66,111.0,,,,,,
229.0,20.2,467.1,96.14,112.0,,,,,,
230.0,20.26,472.0,96.61,112.0,,,,,,
231.0,20.32,476.9,97.08,112.0,,,,,,
232.0,20.37,480.3,97.34,112.0,,,,,,
233.0,20.4,482.1,97.37,112.0,,,,,,
234.0,20.43,483.9,97.39,113.0,,,,,,
235.0,20.46,483.9,97.23,113.0,,,,,,
236.0,20.49,482.6,96.94,113.0,,,,,,
237.0,20.52,481.3,96.65,113.0,,,,,,
238.0,20.57,481.1,96.75,113.0,,,,,,
239.0,20.64,481.6,97.09,113.0,,,,,,
240.0,20.71,482.0,97.43,113.0,,,,,,
241.0,20.76,482.6,97.24,114.0,,,,,,
242.0,20.81,483.1,97.05,114.0,,,,,,
243.0,20.86,483.7,96.86,114.0,,,,,,
244.0,20.91,483.7,96.73,114.0,,,,,,
245.0,20.97,483.1,96.65,114.0,,,,,,
246.0,21.03,482.6,96.56,114.0,,,,,,
247.0,21.08,482.5,96.64,113.0,,,,,,
248.0,21.13,482.6,96.82,113.0,,,,,,
249.0,21.18,482.7,97.0,113.0,,,,,,
250.0,21.21,483.1,97.12,113.0,,,,,,
251.0,21.22,483.5,97.2,112.0,,,,,,
252.0,21.22,484.0,97.28,112.0,,,,,,
253.0,21.23,486.1,97.52,112.0,,,,,,
254.0,21.23,488.7,97.81,112.0,,,,,,
255.0,21.23,491.4,98.1,112.0,,,,,,
256.0,21.22,491.0,97.73,112.0,,,,,,
257.0,21.2,490.3,97.26,112.0,,,,,,
258.0,21.19,490.8,97.28,112.0,,,,,,
259.0,21.17,491.7,97.48,112.0,,,,,,
260.0,21.15,491.9,97.57,112.0,,,,,,
261.0,21.13,491.8,97.62,112.0,,,,,,
262.0,21.11,491.7,97.67,112.0,,,,,,
263.0,21.08,491.7,97.68,112.0,,,,,,
264.0,21.05,491.9,97.65,112.0,,,,,,
265.0,21.01,492.1,97.61,112.0,,,,,,
266.0,20.97,489.6,97.28,112.0,,,,,,
267.0,20.92,485.7,96.75,112.0,,,,,,
268.0,20.87,481.7,96.23,112.0,,,,,,
269.0,20.83,477.7,96.31,112.0,,,,,,
270.0,20.79,473.9,96.59,111.0,,,,,,
271.0,20.76,470.0,96.87,111.0,,,,,,
272.0,20.73,469.0,97.03,111.0,,,,,,
273.0,20.69,468.9,97.15,110.5,,,,,,
274.0,20.66,468.8,97.28,110.0,,,,,,
275.0,20.62,468.6,97.34,110.0,,,,,,
276.0,20.56,468.3,97.35,110.0,,,,,,
277.0,20.51,467.9,97.36,110.0,,,,,,
278.0,20.45,467.6,97.29,110.0,,,,,,
279.0,20.39,467.3,97.08,110.0,,,,,,
280.0,20.33,466.9,96.88,110.0,,,,,,
281.0,20.26,467.2,96.89,110.0,,,,,,
282.0,20.17,468.2,97.16,110.0,,,,,,
283.0,20.08,469.2,97.44,110.0,,,,,,
284.0,20.01,469.9,97.64,110.0,,,,,,
285.0,19.95,470.3,97.78,110.0,,,,,,
286.0,19.9,470.7,97.91,110.0,,,,,,
287.0,19.84,471.1,98.05,110.0,,,,,,
288.0,19.78,471.6,98.2,110.0,,,,,,
289.0,19.72,472.4,98.5,110.0,,,,,,
290.0,19.65,473.3,98.79,110.0,,,,,,
291.0,19.58,474.1,99.09,110.0,,,,,,
292.0,19.53,473.8,99.09,110.0,,,,,,
293.0,19.48,473.1,98.99,110.0,,,,,,
294.0,19.44,472.3,98.89,110.0,,,,,,
295.0,19.48,472.7,99.01,109.0,,,,,,
296.0,19.54,473.5,99.2,109.0,,,,,,
297.0,19.61,474.3,99.39,109.0,,,,,,
298.0,19.69,474.3,99.41,109.0,,,,,,
299.0,19.77,474.1,99.38,109.0,,,,,,
300.0,19.85,473.9,99.35,109.0,,,,,,
301.0,19.94,475.3,99.57,109.0,,,,,,
302.0,20.02,479.4,100.2,109.0,,,,,,
303.0,20.11,483.5,100.9,110.0,,,,,,
304.0,20.19,487.6,101.6,109.0,,,,,,
305.0,20.29,490.1,101.8,109.0,,,,,,
306.0,20.41,490.8,101.6,109.0,,,,,,
307.0,20.52,491.6,101.5,109.0,,,,,,
308.0,20.61,492.1,101.6,109.0,,,,,,
309.0,20.67,492.4,101.8,109.0,,,,,,
310.0,20.74,492.7,102.1,109.0,,,,,,
311.0,20.81,492.8,102.2,109.0,,,,,,
312.0,20.87,492.9,102.2,109.0,,,,,,
313.0,20.94,493.0,102.3,109.0,,,,,,
314.0,21.04,494.4,102.6,109.0,,,,,,
315.0,21.14,495.8,102.9,109.0,,,,,,
316.0,21.32,494.3,104.5,110.0,,,,,,
317.0,21.38,494.1,104.6,110.0,,,,,,
318.0,21.45,493.9,104.8,110.0,,,,,,
319.0,21.52,494.0,105.0,110.0,,,,,,
320.0,21.61,494.8,105.3,110.0,,,,,,
321.0,21.7,495.5,105.7,111.0,,,,,,
322.0,21.77,496.5,106.1,112.0,,,,,,
323.0,21.83,497.5,106.5,112.0,,,,,,
324.0,21.9,498.5,107.0,112.0,,,,,,
325.0,21.96,500.7,107.2,112.0,,,,,,
326.0,22.01,503.5,107.4,112.0,,,,,,
327.0,22.07,506.3,107.5,112.0,,,,,,
328.0,22.12,504.6,107.5,111.0,,,,,,
329.0,22.16,502.8,107.4,111.0,,,,,,
330.0,22.21,501.6,107.5,111.0,,,,,,
331.0,22.25,501.9,108.0,111.0,,,,,,
332.0,22.3,502.1,108.4,111.0,,,,,,
333.0,22.33,502.3,108.8,111.0,,,,,,
334.0,22.34,502.5,109.0,111.0,,,,,,
335.0,22.35,502.6,109.2,111.0,,,,,,
336.0,22.31,502.7,109.3,112.0,,,,,,
337.0,22.27,502.7,109.5,111.0,,,,,,
338.0,22.22,502.7,109.6,112.0,,,,,,
339.0,22.17,501.4,109.7,112.0,,,,,,
340.0,22.11,499.9,109.7,111.0,,,,,,
341.0,22.06,498.3,109.8,111.0,,,,,,
342.0,21.99,499.9,110.3,111.0,,,,,,
343.0,21.93,503.0,111.0,111.0,,,,,,
344.0,21.86,506.1,111.7,111.0,,,,,,
345.0,21.79,507.3,111.9,112.0,,,,,,
346.0,21.74,506.0,111.3,112.0,,,,,,
347.0,21.68,504.8,110.8,112.0,,,,,,
348.0,21.67,505.1,111.0,113.0,,,,,,
349.0,21.67,505.7,111.3,113.0,,,,,,
350.0,21.67,506.4,111.6,113.0,,,,,,
351.0,21.64,506.1,111.8,113.0,,,,,,
352.0,21.6,505.9,111.9,112.0,,,,,,
353.0,21.57,507.0,112.2,112.0,,,,,,
354.0,21.57,512.2,113.0,112.0,,,,,,
355.0,21.56,517.3,113.7,112.0,,,,,,
356.0,21.56,521.7,114.2,112.0,,,,,,
357.0,21.56,524.6,114.1,112.0,,,,,,
358.0,21.56,527.6,114.0,112.0,,,,,,
359.0,21.57,530.6,113.8,113.0,,,,,,
360.0,21.56,531.8,113.8,113.0,,,,,,
361.0,21.56,531.9,113.9,113.0,,,,,,
362.0,21.56,532.0,113.9,113.0,,,,,,
363.0,21.58,532.7,114.0,113.0,,,,,,
364.0,21.61,533.7,114.2,113.0,,,,,,
365.0,21.65,534.7,114.4,113.0,,,,,,
366.0,21.69,534.9,114.6,113.0,,,,,,
367.0,21.73,535.1,114.8,113.0,,,,,,
368.0,21.75,534.6,114.9,113.0,,,,,,
369.0,21.76,533.4,114.7,113.0,,,,,,
370.0,21.76,532.1,114.5,113.0,,,,,,
371.0,21.76,530.9,114.3,113.0,,,,,,
372.0,21.76,531.5,114.4,113.0,,,,,,
373.0,21.77,533.8,114.8,113.0,,,,,,
374.0,21.77,536.0,115.2,113.0,,,,,,
375.0,21.78,537.1,115.2,113.0,,,,,,
376.0,21.78,536.0,114.7,113.0,,,,,,
377.0,21.79,535.1,114.3,113.0,,,,,,
378.0,21.78,535.5,114.2,113.0,,,,,,
379.0,21.77,535.8,114.1,113.0,,,,,,
380.0,21.76,535.9,114.1,113.0,,,,,,
381.0,21.75,535.3,113.9,113.0,,,,,,
382.0,21.74,534.6,113.8,113.0,,,,,,
383.0,21.74,534.6,113.9,113.0,,,,,,
384.0,21.76,535.0,114.2,113.0,,,,,,
385.0,21.78,535.4,114.4,113.0,,,,,,
386.0,21.78,535.3,114.7,113.0,,,,,,
387.0,21.79,535.2,114.9,113.0,,,,,,
388.0,21.79,535.1,115.2,113.0,,,,,,
389.0,21.78,534.8,115.1,113.0,,,,,,
390.0,21.76,534.5,115.0,113.0,,,,,,
391.0,21.73,534.1,114.9,113.0,,,,,,
392.0,21.71,533.8,114.8,113.0,,,,,,
393.0,21.71,532.8,114.7,113.0,,,,,,
394.0,21.7,531.8,114.6,113.0,,,,,,
395.0,21.73,531.7,114.8,114.0,,,,,,
396.0,21.78,531.9,115.1,114.0,,,,,,
397.0,21.82,532.2,115.4,115.0,,,,,,
398.0,21.82,532.1,115.8,115.0,,,,,,
399.0,21.83,531.9,116.2,115.0,,,,,,
400.0,21.83,531.4,116.4,114.0,,,,,,
401.0,21.81,528.7,115.5,114.0,,,,,,
402.0,21.79,526.1,114.7,114.0,,,,,,
403.0,21.77,523.4,113.9,113.0,,,,,,
404.0,21.74,524.2,114.7,113.0,,,,,,
405.0,21.71,525.2,115.6,113.0,,,,,,
406.0,21.68,526.5,116.5,113.0,,,,,,
407.0,21.61,528.6,117.3,113.0,,,,,,
408.0,21.55,530.7,118.1,113.0,,,,,,
409.0,21.49,529.4,118.0,113.0,,,,,,
410.0,21.44,526.9,117.6,113.0,,,,,,
411.0,21.39,524.3,117.2,112.0,,,,,,
412.0,21.39,523.0,118.0,112.0,,,,,,
413.0,21.38,521.7,118.8,112.0,,,,,,
414.0,21.39,520.3,119.3,112.0,,,,,,
415.0,21.4,518.8,119.5,111.0,,,,,,
416.0,21.41,517.3,119.7,112.0,,,,,,
417.0,21.44,516.9,120.1,112.0,,,,,,
418.0,21.47,517.5,120.6,113.0,,,,,,
419.0,21.5,518.1,121.1,113.0,,,,,,
420.0,21.53,518.7,121.7,113.0,,,,,,
421.0,21.59,519.6,122.3,113.0,,,,,,
422.0,21.65,520.5,123.0,113.0,,,,,,
423.0,21.72,521.7,123.8,113.0,,,,,,
424.0,21.81,524.3,125.3,113.0,,,,,,
425.0,21.9,526.8,126.9,113.0,,,,,,
426.0,22.0,529.4,128.5,114.0,,,,,,
427.0,22.16,531.3,128.8,114.0,,,,,,
428.0,22.33,533.1,128.9,114.0,,,,,,
429.0,22.5,532.3,128.5,115.0,,,,,,
430.0,22.65,530.2,127.8,115.0,,,,,,
431.0,22.81,528.0,127.2,115.0,,,,,,
432.0,22.99,529.6,127.8,115.0,,,,,,
433.0,23.17,531.5,128.4,114.0,,,,,,
434.0,23.35,533.3,129.1,115.0,,,,,,
435.0,23.52,533.6,129.1,114.0,,,,,,
436.0,23.69,533.9,129.0,114.0,,,,,,
437.0,23.87,535.1,129.3,115.0,,,,,,
438.0,24.06,537.9,130.1,115.0,,,,,,
439.0,24.26,540.0,130.8,115.0,,,,,,
440.0,24.51,537.7,130.3,115.0,,,,,,
441.0,24.75,535.6,130.0,115.0,,,,,,
442.0,25.04,538.5,130.6,114.0,,,,,,
443.0,25.33,541.5,131.3,115.0,,,,,,
444.0,25.74,540.6,131.0,114.0,,,,,,
445.0,26.13,539.9,130.8,114.0,,,,,,
446.0,26.43,540.0,130.9,114.0,,,,,,
447.0,26.73,540.2,130.9,114.0,,,,,,
448.0,26.91,544.4,131.3,115.0,,,,,,
449.0,27.08,549.0,131.9,115.0,,,,,,
450.0,27.19,551.1,131.8,115.0,,,,,,
451.0,27.27,551.6,131.4,116.0,,,,,,
452.0,27.3,551.1,131.1,117.0,,,,,,
453.0,27.27,549.3,130.9,117.0,,,,,,
454.0,27.22,549.1,131.3,118.0,,,,,,
455.0,27.16,550.3,132.0,118.0,,,,,,
456.0,27.1,553.3,132.8,119.0,,,,,,
457.0,27.04,556.9,133.8,118.0,,,,,,
458.0,26.95,557.8,134.0,119.0,,,,,,
459.0,26.86,557.9,134.1,119.0,,,,,,
460.0,26.76,557.9,134.2,119.0,,,,,,
461.0,26.63,557.7,134.0,120.0,,,,,,
462.0,26.5,557.5,133.9,120.0,,,,,,
463.0,26.37,557.3,133.8,120.0,,,,,,
464.0,26.26,555.9,133.6,120.0,,,,,,
465.0,26.15,554.4,133.4,119.5,,,,,,
466.0,26.05,553.0,133.2,119.0,,,,,,
467.0,25.93,551.6,133.0,119.0,,,,,,
468.0,25.71,551.8,133.4,119.0,,,,,,
469.0,25.48,552.1,133.7,119.0,,,,,,
470.0,25.26,552.4,133.9,119.0,,,,,,
471.0,25.03,552.9,133.8,119.0,,,,,,
472.0,24.81,553.4,133.8,119.0,,,,,,
473.0,24.59,553.4,133.8,119.0,,,,,,
474.0,24.38,553.3,133.7,118.0,,,,,,
475.0,24.17,553.6,133.7,118.0,,,,,,
476.0,23.95,554.9,133.7,118.0,,,,,,
477.0,23.73,556.3,133.7,117.0,,,,,,
478.0,23.53,559.7,133.9,117.0,,,,,,
479.0,23.34,564.4,134.2,116.0,,,,,,
480.0,23.14,569.1,134.6,115.0,,,,,,
481.0,22.93,571.4,134.2,115.0,,,,,,
482.0,22.7,569.4,132.8,115.0,,,,,,
483.0,22.47,567.4,131.4,115.0,,,,,,
484.0,22.24,565.7,130.7,115.0,,,,,,
485.0,22.02,564.1,130.3,114.0,,,,,,
486.0,21.81,563.0,129.9,114.0,,,,,,
487.0,21.72,565.5,130.3,114.0,,,,,,
488.0,21.63,567.9,130.6,114.0,,,,,,
489.0,21.54,570.3,130.9,114.0,,,,,,
490.0,21.52,570.0,130.6,114.0,,,,,,
491.0,21.52,569.2,130.1,114.0,,,,,,
492.0,21.52,568.5,129.7,114.0,,,,,,
493.0,21.51,567.8,129.2,113.0,,,,,,
494.0,21.56,570.0,129.4,113.0,,,,,,
495.0,21.61,573.1,129.8,113.0,,,,,,
496.0,21.67,574.2,129.7,113.0,,,,,,
497.0,21.73,573.3,129.1,113.0,,,,,,
498.0,21.8,572.5,128.6,113.0,,,,,,
499.0,21.86,571.6,128.0,113.0,,,,,,
500.0,21.92,570.9,127.4,114.0,,,,,,
501.0,21.98,570.1,126.9,113.0,,,,,,
502.0,22.01,568.5,125.6,114.0,,,,,,
503.0,22.03,566.9,124.3,114.0,,,,,,
504.0,22.06,565.3,123.1,114.0,,,,,,
505.0,22.01,563.8,122.9,114.0,,,,,,
506.0,21.97,562.3,122.8,114.0,,,,,,
507.0,21.94,560.8,122.9,114.0,,,,,,
508.0,21.93,559.2,123.4,114.0,,,,,,
509.0,21.93,557.9,123.9,114.0,,,,,,
510.0,21.92,558.1,124.1,114.0,,,,,,
511.0,21.92,558.3,124.3,114.0,,,,,,
512.0,21.93,558.2,124.1,114.0,,,,,,
513.0,21.94,558.0,123.7,114.0,,,,,,
514.0,21.95,557.8,123.4,114.0,,,,,,
515.0,22.0,556.5,122.5,114.0,,,,,,
516.0,22.06,555.2,121.5,114.0,,,,,,
517.0,22.13,555.2,121.2,114.0,,,,,,
518.0,22.21,556.3,121.5,114.0,,,,,,
519.0,22.29,557.4,121.8,114.0,,,,,,
520.0,22.35,556.9,121.7,114.0,,,,,,
521.0,22.41,556.0,121.5,114.0,,,,,,
522.0,22.46,555.1,121.4,114.0,,,,,,
523.0,22.52,554.4,121.3,114.0,,,,,,
524.0,22.57,555.1,121.4,114.0,,,,,,
525.0,22.62,555.8,121.6,113.0,,,,,,
526.0,22.68,556.5,121.7,114.0,,,,,,
527.0,22.74,556.6,121.8,114.0,,,,,,
528.0,22.81,556.1,121.7,114.0,,,,,,
529.0,22.87,554.7,121.6,113.0,,,,,,
530.0,22.95,551.0,121.3,113.0,,,,,,
531.0,23.02,547.2,121.0,112.0,,,,,,
532.0,23.06,546.6,121.4,112.0,,,,,,
533.0,23.09,548.0,122.2,112.0,,,,,,
534.0,23.12,549.5,123.0,111.0,,,,,,
535.0,23.13,548.3,122.7,111.0,,,,,,
536.0,23.14,547.1,122.4,111.0,,,,,,
537.0,23.12,546.6,122.3,111.0,,,,,,
538.0,23.03,547.3,122.5,111.0,,,,,,
539.0,22.95,547.8,122.6,112.0,,,,,,
540.0,22.86,545.5,122.1,112.0,,,,,,
541.0,22.77,543.3,121.7,112.0,,,,,,
542.0,22.69,543.6,121.6,112.0,,,,,,
543.0,22.61,545.1,121.7,112.0,,,,,,
544.0,22.57,545.7,121.7,112.0,,,,,,
545.0,22.56,544.7,121.6,113.0,,,,,,
546.0,22.56,543.7,121.5,113.0,,,,,,
547.0,22.56,543.7,121.5,114.0,,,,,,
548.0,22.56,544.1,121.6,114.0,,,,,,
549.0,22.57,544.5,121.6,114.0,,,,,,
550.0,22.61,544.4,121.5,114.5,,,,,,
551.0,22.65,544.4,121.3,115.0,,,,,,
552.0,22.69,544.3,121.2,115.0,,,,,,
553.0,22.74,544.3,121.2,114.0,,,,,,
554.0,22.78,544.3,121.1,114.0,,,,,,
555.0,22.81,544.8,121.1,115.0,,,,,,
556.0,22.82,546.5,121.1,115.0,,,,,,
557.0,22.82,548.3,121.1,115.0,,,,,,
558.0,22.83,550.0,121.2,116.0,,,,,,
559.0,22.81,549.6,120.8,116.0,,,,,,
560.0,22.79,548.6,120.3,117.0,,,,,,
561.0,22.78,547.5,119.9,117.0,,,,,,
562.0,22.75,545.1,119.8,117.0,,,,,,
563.0,22.73,542.4,119.8,117.0,,,,,,
564.0,22.7,540.6,119.9,117.0,,,,,,
565.0,22.64,540.6,120.1,117.0,,,,,,
566.0,22.59,540.7,120.4,117.0,,,,,,
567.0,22.53,540.2,120.4,117.0,,,,,,
568.0,22.47,539.1,120.0,116.0,,,,,,
569.0,22.41,538.0,119.6,116.0,,,,,,
570.0,22.35,537.5,119.6,116.5,,,,,,
571.0,22.29,537.0,119.7,117.0,,,,,,
572.0,22.24,536.4,119.6,117.0,,,,,,
573.0,22.22,535.6,119.4,117.0,,,,,,
574.0,22.2,534.9,119.2,117.0,,,,,,
575.0,22.17,534.8,119.1,117.0,,,,,,
576.0,22.14,535.2,119.1,117.0,,,,,,
577.0,22.12,535.7,119.0,117.0,,,,,,
578.0,22.16,536.8,118.6,117.0,,,,,,
579.0,22.19,538.0,118.2,117.0,,,,,,
580.0,22.21,538.2,117.9,117.0,,,,,,
581.0,22.2,537.3,117.7,117.0,,,,,,
582.0,22.2,536.3,117.4,117.0,,,,,,
583.0,22.19,535.5,117.2,117.0,,,,,,
584.0,22.2,534.8,117.0,117.0,,,,,,
585.0,22.2,534.1,116.8,117.0,,,,,,
586.0,22.2,533.8,116.7,117.0,,,,,,
587.0,22.2,534.1,116.7,117.0,,,,,,
588.0,22.2,534.6,116.7,117.0,,,,,,
589.0,22.19,536.3,116.6,117.0,,,,,,
590.0,22.18,538.1,116.4,116.0,,,,,,
591.0,22.19,538.7,116.2,116.0,,,,,,
592.0,22.2,538.3,115.9,116.0,,,,,,
593.0,22.21,537.9,115.6,116.0,,,,,,
594.0,22.2,537.2,115.8,116.0,,,,,,
595.0,22.19,536.4,116.0,116.0,,,,,,
596.0,22.19,535.9,116.3,116.0,,,,,,
597.0,22.17,537.3,116.8,116.0,,,,,,
598.0,22.16,538.7,117.3,115.0,,,,,,
599.0,22.15,540.1,117.8,115.0,,,,,,
600.0,22.13,538.8,117.5,115.0,,,,,,
601.0,22.11,537.0,117.1,115.0,,,,,,
602.0,22.08,535.2,116.7,115.0,,,,,,
603.0,22.07,535.1,116.7,114.0,,,,,,
604.0,22.06,535.2,116.8,114.0,,,,,,
605.0,22.05,535.3,116.8,114.0,,,,,,
606.0,22.05,535.6,116.5,114.0,,,,,,
607.0,22.05,536.0,116.1,114.0,,,,,,
608.0,22.05,536.2,115.8,114.0,,,,,,
609.0,22.06,536.2,115.6,114.0,,,,,,
610.0,22.06,536.1,115.4,113.0,,,,,,
611.0,22.04,536.1,115.5,113.0,,,,,,
612.0,21.99,536.1,115.6,113.0,,,,,,
613.0,21.96,535.7,115.6,114.0,,,,,,
614.0,21.93,534.3,115.6,114.0,,,,,,
615.0,21.89,533.0,115.7,114.0,,,,,,
616.0,21.88,531.8,115.5,114.0,,,,,,
617.0,21.87,530.8,115.3,114.0,,,,,,
618.0,21.86,529.9,115.1,114.0,,,,,,
619.0,21.83,529.2,115.1,115.0,,,,,,
620.0,21.8,528.5,115.1,115.0,,,,,,
621.0,21.77,527.9,115.1,115.0,,,,,,
622.0,21.75,527.4,115.1,116.0,,,,,,
623.0,21.74,527.1,115.1,116.0,,,,,,
624.0,21.74,526.9,115.0,116.0,,,,,,
625.0,21.76,524.7,114.6,116.0,,,,,,
626.0,21.78,521.8,113.9,116.0,,,,,,
627.0,21.8,520.2,113.5,116.0,,,,,,
628.0,21.82,521.0,113.5,116.0,,,,,,
629.0,21.84,521.8,113.5,116.0,,,,,,
630.0,21.83,522.5,113.5,117.0,,,,,,
631.0,21.82,523.2,113.5,117.0,,,,,,
632.0,21.8,523.9,113.6,117.0,,,,,,
633.0,21.77,523.8,113.4,117.0,,,,,,
634.0,21.74,522.9,112.9,117.0,,,,,,
635.0,21.71,522.1,112.5,117.5,,,,,,
636.0,21.69,522.9,112.6,118.0,,,,,,
637.0,21.68,524.6,112.9,117.0,,,,,,
638.0,21.67,526.1,113.1,118.0,,,,,,
639.0,21.66,522.3,112.2,118.0,,,,,,
640.0,21.66,518.6,111.4,118.0,,,,,,
641.0,21.67,515.5,110.7,118.0,,,,,,
642.0,21.72,515.7,111.1,118.0,,,,,,
643.0,21.77,515.9,111.4,118.0,,,,,,
644.0,21.82,516.0,111.7,118.0,,,,,,
645.0,21.87,515.4,111.5,118.0,,,,,,
646.0,21.93,514.7,111.3,118.0,,,,,,
647.0,21.96,514.6,111.2,118.0,,,,,,
648.0,21.98,515.0,111.3,118.0,,,,,,
649.0,22.0,515.3,111.4,118.0,,,,,,
650.0,22.02,515.7,111.4,117.0,,,,,,
651.0,22.02,515.4,111.3,117.0,,,,,,
652.0,22.01,514.9,111.2,117.0,,,,,,
653.0,22.01,514.4,111.1,118.0,,,,,,
654.0,22.02,514.0,110.8,118.0,,,,,,
655.0,22.04,513.6,110.4,118.0,,,,,,
656.0,22.03,513.2,110.3,119.0,,,,,,
657.0,22.0,512.6,110.4,120.0,,,,,,
658.0,21.95,511.9,110.4,120.0,,,,,,
659.0,21.9,511.1,110.3,120.0,,,,,,
660.0,21.84,510.3,110.2,120.0,,,,,,
661.0,21.81,508.8,110.1,120.0,,,,,,
662.0,21.79,507.2,109.9,120.0,,,,,,
663.0,21.77,507.3,110.0,120.0,,,,,,
664.0,21.77,508.7,110.1,120.0,,,,,,
665.0,21.76,510.1,110.3,121.0,,,,,,
666.0,21.74,511.1,110.3,121.0,,,,,,
667.0,21.72,512.0,110.4,121.0,,,,,,
668.0,21.69,512.8,110.4,121.0,,,,,,
669.0,21.68,513.2,110.4,121.0,,,,,,
670.0,21.67,513.2,110.3,121.0,,,,,,
671.0,21.66,513.1,110.3,121.0,,,,,,
672.0,21.67,512.1,110.2,121.0,,,,,,
673.0,21.7,510.1,110.1,121.0,,,,,,
674.0,21.74,508.1,109.9,121.0,,,,,,
675.0,21.77,506.9,109.8,121.0,,,,,,
676.0,21.79,506.2,109.8,121.0,,,,,,
677.0,21.81,505.5,109.7,121.0,,,,,,
678.0,21.82,505.3,109.6,121.0,,,,,,
679.0,21.82,505.4,109.4,121.0,,,,,,
680.0,21.81,505.4,109.3,122.0,,,,,,
681.0,21.82,504.2,109.0,122.0,,,,,,
682.0,21.82,502.1,108.7,122.0,,,,,,
683.0,21.82,500.0,108.3,122.0,,,,,,
684.0,21.83,497.9,107.9,122.0,,,,,,
685.0,21.79,497.3,107.9,122.0,,,,,,
686.0,21.74,497.3,108.0,122.0,,,,,,
687.0,21.7,497.3,108.2,122.0,,,,,,
688.0,21.64,497.2,108.3,122.0,,,,,,
689.0,21.58,497.1,108.4,122.0,,,,,,
690.0,21.53,496.9,108.6,122.0,,,,,,
691.0,21.5,496.8,108.8,122.0,,,,,,
692.0,21.46,496.6,109.0,122.0,,,,,,
693.0,21.45,497.2,109.2,122.0,,,,,,
694.0,21.43,498.0,109.4,122.0,,,,,,
695.0,21.41,498.7,109.5,122.0,,,,,,
696.0,21.4,499.0,109.4,123.0,,,,,,
697.0,21.39,499.3,109.3,123.0,,,,,,
698.0,21.38,499.6,109.2,123.0,,,,,,
699.0,21.4,500.0,108.9,124.0,,,,,,
700.0,21.42,500.3,108.5,124.0,,,,,,
701.0,21.45,501.5,108.8,125.0,,,,,,
702.0,21.5,503.2,109.4,125.0,,,,,,
703.0,21.54,504.8,110.0,126.0,,,,,,
704.0,21.57,505.1,109.8,126.0,,,,,,
705.0,21.61,505.5,109.7,127.0,,,,,,
706.0,21.65,505.7,109.6,127.0,,,,,,
707.0,21.69,505.1,109.6,127.0,,,,,,
708.0,21.73,504.5,109.6,128.0,,,,,,
709.0,21.78,504.5,109.8,128.0,,,,,,
710.0,21.84,506.6,110.9,128.0,,,,,,
711.0,21.9,508.8,112.0,128.0,,,,,,
712.0,21.94,510.1,112.6,128.0,,,,,,
713.0,21.97,510.8,112.9,128.0,,,,,,
714.0,22.0,511.6,113.1,128.0,,,,,,
715.0,22.01,512.5,113.5,128.0,,,,,,
716.0,22.01,513.6,113.9,129.0,,,,,,
717.0,22.01,514.6,114.4,129.0,,,,,,
718.0,22.0,515.7,114.9,129.0,,,,,,
719.0,22.0,516.9,115.3,129.0,,,,,,
720.0,22.0,517.2,115.7,129.0,,,,,,
721.0,21.99,516.5,115.9,130.0,,,,,,
722.0,21.99,515.7,116.0,130.0,,,,,,
723.0,21.98,516.7,116.6,130.0,,,,,,
724.0,21.96,519.7,117.9,130.0,,,,,,
725.0,21.95,522.8,119.1,130.0,,,,,,
726.0,21.95,524.7,118.9,130.0,,,,,,
727.0,21.95,526.3,118.4,130.0,,,,,,
728.0,21.96,528.1,118.2,130.0,,,,,,
729.0,21.99,530.2,119.0,130.0,,,,,,
730.0,22.02,532.4,119.8,130.0,,,,,,
731.0,22.05,533.9,120.3,130.0,,,,,,
732.0,22.1,534.9,120.7,130.0,,,,,,
733.0,22.14,536.0,121.1,130.0,,,,,,
734.0,22.19,538.6,121.7,131.0,,,,,,
735.0,22.26,543.9,122.6,131.0,,,,,,
736.0,22.33,549.2,123.5,131.0,,,,,,
737.0,22.4,550.5,123.5,131.0,,,,,,
738.0,22.46,550.4,123.3,131.0,,,,,,
739.0,22.53,550.7,123.2,132.0,,,,,,
740.0,22.58,553.2,124.0,132.0,,,,,,
741.0,22.63,555.6,124.8,132.0,,,,,,
742.0,22.69,557.9,125.7,132.0,,,,,,
743.0,22.76,559.9,126.6,132.0,,,,,,
744.0,22.83,561.7,127.5,132.0,,,,,,
745.0,22.88,561.7,127.9,132.0,,,,,,
746.0,22.93,561.6,128.3,131.0,,,,,,
747.0,22.98,561.7,128.8,131.0,,,,,,
748.0,23.03,562.3,129.4,131.0,,,,,,
749.0,23.08,562.8,130.0,131.0,,,,,,
750.0,23.12,561.1,130.2,131.0,,,,,,
751.0,23.17,559.0,130.2,130.0,,,,,,
752.0,23.22,558.1,130.4,130.0,,,,,,
753.0,23.27,558.3,130.7,130.0,,,,,,
754.0,23.32,558.5,131.1,130.0,,,,,,
755.0,23.36,559.2,131.3,130.0,,,,,,
756.0,23.39,559.9,131.6,131.0,,,,,,
757.0,23.38,560.6,131.9,131.0,,,,,,
758.0,23.35,561.1,132.3,131.0,,,,,,
759.0,23.34,561.4,132.6,131.0,,,,,,
760.0,23.37,561.4,132.8,131.0,,,,,,
761.0,23.41,561.3,133.0,131.0,,,,,,
762.0,23.45,561.9,133.3,132.0,,,,,,
763.0,23.5,562.8,133.7,132.0,,,,,,
764.0,23.54,563.7,134.0,132.0,,,,,,
765.0,23.57,563.5,134.1,132.0,,,,,,
766.0,23.6,563.3,134.1,132.0,,,,,,
767.0,23.62,563.1,134.2,132.0,,,,,,
768.0,23.65,562.9,134.2,133.0,,,,,,
769.0,23.73,562.8,134.3,133.0,,,,,,
770.0,23.83,562.8,134.4,133.0,,,,,,
771.0,23.93,562.9,134.7,133.0,,,,,,
772.0,24.03,563.0,135.4,134.0,,,,,,
773.0,24.13,563.1,136.1,134.0,,,,,,
774.0,24.19,562.2,136.3,133.0,,,,,,
775.0,24.26,561.2,136.4,133.0,,,,,,
776.0,24.32,560.2,136.5,133.0,,,,,,
777.0,24.38,559.3,136.7,133.0,,,,,,
778.0,24.43,558.4,136.8,133.0,,,,,,
779.0,24.48,557.5,136.9,133.0,,,,,,
780.0,24.54,557.3,137.0,133.0,,,,,,
781.0,24.61,557.5,137.2,133.0,,,,,,
782.0,24.66,557.6,137.3,133.0,,,,,,
783.0,24.69,557.4,137.4,133.0,,,,,,
784.0,24.73,557.2,137.4,133.0,,,,,,
785.0,24.77,555.8,137.4,134.0,,,,,,
786.0,24.81,554.5,137.3,133.0,,,,,,
787.0,24.84,553.9,137.4,134.0,,,,,,
788.0,24.87,553.3,137.4,134.0,,,,,,
789.0,24.91,551.6,137.1,133.0,,,,,,
790.0,24.96,549.4,136.6,133.0,,,,,,
791.0,25.0,548.4,136.5,134.0,,,,,,
792.0,25.04,547.7,136.5,133.0,,,,,,
793.0,25.1,547.1,136.5,134.0,,,,,,
794.0,25.18,546.7,136.6,133.0,,,,,,
795.0,25.26,546.4,136.6,133.0,,,,,,
796.0,25.42,545.7,136.7,133.0,,,,,,
797.0,25.59,545.0,136.7,133.0,,,,,,
798.0,25.74,544.4,136.7,133.0,,,,,,
799.0,25.85,544.0,136.5,134.0,,,,,,
800.0,25.96,543.0,136.2,134.0,,,,,,
801.0,26.05,540.1,135.5,134.0,,,,,,
802.0,26.15,537.1,134.7,134.0,,,,,,
803.0,26.22,535.4,135.1,134.0,,,,,,
804.0,26.28,534.0,135.7,134.0,,,,,,
805.0,26.32,532.6,136.2,134.0,,,,,,
806.0,26.32,531.0,136.0,134.0,,,,,,
807.0,26.3,529.4,135.7,135.0,,,,,,
808.0,26.27,528.1,135.3,134.0,,,,,,
809.0,26.24,526.8,135.0,134.0,,,,,,
810.0,26.22,523.0,134.7,134.0,,,,,,
811.0,26.19,518.8,134.4,134.0,,,,,,
812.0,26.19,517.1,134.6,135.0,,,,,,
813.0,26.19,516.0,135.0,135.0,,,,,,
814.0,26.2,514.9,135.2,135.0,,,,,,
815.0,26.22,513.6,135.1,135.0,,,,,,
816.0,26.24,512.5,135.0,136.0,,,,,,
817.0,26.27,512.4,135.0,136.0,,,,,,
818.0,26.3,512.4,134.9,136.0,,,,,,
819.0,26.31,512.7,135.0,136.0,,,,,,
820.0,26.32,513.2,135.1,136.0,,,,,,
821.0,26.33,512.9,135.1,135.5,,,,,,
822.0,26.35,512.1,134.9,135.0,,,,,,
823.0,26.36,511.7,134.8,136.0,,,,,,
824.0,26.36,513.6,135.2,135.0,,,,,,
825.0,26.36,515.4,135.5,135.0,,,,,,
826.0,26.34,516.1,136.0,135.0,,,,,,
827.0,26.31,516.7,136.4,135.0,,,,,,
828.0,26.27,517.2,137.0,135.0,,,,,,
829.0,26.23,517.6,137.8,135.0,,,,,,
830.0,26.21,517.5,138.1,135.0,,,,,,
831.0,26.19,517.4,138.3,135.0,,,,,,
832.0,26.18,517.9,138.7,136.0,,,,,,
833.0,26.17,519.4,139.3,136.0,,,,,,
834.0,26.17,520.8,139.9,136.0,,,,,,
835.0,26.16,521.0,140.1,136.0,,,,,,
836.0,26.16,521.0,140.2,136.0,,,,,,
837.0,26.16,521.6,140.5,136.0,,,,,,
838.0,26.19,525.7,141.9,136.0,,,,,,
839.0,26.23,529.0,143.0,136.0,,,,,,
840.0,26.27,528.6,142.9,136.0,,,,,,
841.0,26.31,528.1,142.8,136.0,,,,,,
842.0,26.35,527.8,142.7,136.0,,,,,,
843.0,26.39,527.5,142.6,136.0,,,,,,
844.0,26.43,527.4,142.7,136.0,,,,,,
845.0,26.47,528.4,143.1,136.0,,,,,,
846.0,26.51,529.4,143.5,136.0,,,,,,
847.0,26.56,530.0,143.7,136.0,,,,,,
848.0,26.61,530.5,143.9,136.0,,,,,,
849.0,26.66,533.6,144.9,136.0,,,,,,
850.0,26.72,537.3,146.1,136.0,,,,,,
851.0,26.78,537.3,145.7,135.0,,,,,,
852.0,26.85,535.8,144.8,135.0,,,,,,
853.0,26.93,537.2,145.2,136.0,,,,,,
854.0,27.03,539.6,146.1,136.0,,,,,,
855.0,27.11,541.7,146.9,136.0,,,,,,
856.0,27.19,543.4,147.5,136.0,,,,,,
857.0,27.27,545.0,148.1,137.0,,,,,,
858.0,27.34,545.3,148.4,137.0,,,,,,
859.0,27.4,545.6,148.8,137.0,,,,,,
860.0,27.5,546.9,149.7,138.0,,,,,,
861.0,27.6,548.4,150.7,138.0,,,,,,
862.0,27.69,550.3,151.4,138.0,,,,,,
863.0,27.78,552.2,152.0,138.0,,,,,,
864.0,27.85,552.6,152.3,138.0,,,,,,
865.0,27.92,552.8,152.6,139.0,,,,,,
866.0,27.95,553.3,152.7,138.0,,,,,,
867.0,27.99,553.9,152.8,139.0,,,,,,
868.0,28.01,555.9,153.2,139.0,,,,,,
869.0,28.02,558.3,153.7,139.0,,,,,,
870.0,28.04,560.8,154.3,139.0,,,,,,
871.0,28.06,563.4,155.2,139.0,,,,,,
872.0,28.07,564.5,155.7,139.0,,,,,,
873.0,28.07,564.1,155.6,139.0,,,,,,
874.0,28.07,563.8,155.7,138.0,,,,,,
875.0,28.07,564.6,156.4,138.0,,,,,,
876.0,28.07,565.4,157.0,138.0,,,,,,
877.0,28.12,564.4,157.0,138.0,,,,,,
878.0,28.18,563.0,156.9,138.0,,,,,,
879.0,28.24,563.8,157.3,138.0,,,,,,
880.0,28.3,565.4,157.9,139.0,,,,,,
881.0,28.34,565.4,158.0,139.0,,,,,,
882.0,28.38,564.8,158.0,139.0,,,,,,
883.0,28.42,564.2,157.9,139.0,,,,,,
884.0,28.44,563.6,157.7,139.0,,,,,,
885.0,28.47,563.0,157.6,138.0,,,,,,
886.0,28.46,562.3,157.4,138.0,,,,,,
887.0,28.4,561.6,157.3,138.0,,,,,,
888.0,28.34,560.7,157.1,138.0,,,,,,
889.0,28.27,559.7,156.7,138.0,,,,,,
890.0,28.21,558.3,156.3,137.0,,,,,,
891.0,28.17,556.5,155.9,137.0,,,,,,
892.0,28.13,554.4,155.5,137.0,,,,,,
893.0,28.1,552.0,154.9,137.0,,,,,,
894.0,28.09,550.9,154.4,136.0,,,,,,
895.0,28.11,551.1,153.9,136.0,,,,,,
896.0,28.12,550.6,153.4,136.0,,,,,,
897.0,28.13,549.6,153.1,136.0,,,,,,
898.0,28.16,548.4,152.8,136.0,,,,,,
899.0,28.19,547.1,152.5,136.0,,,,,,
900.0,28.23,545.9,152.2,136.0,,,,,,
901.0,28.26,545.1,152.2,136.0,,,,,,
902.0,28.29,544.5,152.2,136.0,,,,,,
903.0,28.32,543.2,151.9,136.0,,,,,,
904.0,28.34,540.4,151.0,137.0,,,,,,
905.0,28.36,537.6,150.1,137.0,,,,,,
906.0,28.37,537.3,150.1,138.0,,,,,,
907.0,28.39,537.3,150.2,138.0,,,,,,
908.0,28.41,536.2,150.0,138.0,,,,,,
909.0,28.42,534.9,149.6,138.0,,,,,,
910.0,28.39,533.5,149.2,138.0,,,,,,
911.0,28.34,532.0,148.8,138.0,,,,,,
912.0,28.28,531.2,148.5,138.0,,,,,,
913.0,28.21,530.6,148.2,138.0,,,,,,
914.0,28.14,526.8,147.2,139.0,,,,,,
915.0,28.08,521.7,146.0,139.0,,,,,,
916.0,28.04,519.5,145.8,139.0,,,,,,
917.0,28.02,518.7,146.2,139.0,,,,,,
918.0,28.07,516.3,145.9,139.0,,,,,,
919.0,28.14,513.2,145.3,139.0,,,,,,
920.0,28.21,511.9,144.8,139.0,,,,,,
921.0,28.26,511.7,144.2,139.0,,,,,,
922.0,28.32,511.2,143.5,139.0,,,,,,
923.0,28.37,509.9,142.4,138.0,,,,,,
924.0,28.43,508.5,141.3,138.0,,,,,,
925.0,28.49,506.3,140.3,138.0,,,,,,
926.0,28.54,504.2,139.5,138.0,,,,,,
927.0,28.53,501.9,138.9,138.0,,,,,,
928.0,28.53,499.6,138.3,138.0,,,,,,
929.0,28.5,498.3,138.0,138.0,,,,,,
930.0,28.47,497.2,137.7,138.0,,,,,,
931.0,28.44,495.7,137.6,138.0,,,,,,
932.0,28.41,494.0,137.6,138.0,,,,,,
933.0,28.38,492.7,137.8,138.0,,,,,,
934.0,28.35,492.1,138.3,138.0,,,,,,
935.0,28.33,490.0,138.1,138.0,,,,,,
936.0,28.31,485.9,137.0,138.0,,,,,,
937.0,28.29,483.3,136.3,138.0,,,,,,
938.0,28.27,482.9,136.2,138.0,,,,,,
939.0,28.26,482.5,136.1,138.0,,,,,,
940.0,28.18,481.9,135.8,138.0,,,,,,
941.0,28.09,481.2,135.5,138.0,,,,,,
942.0,28.02,481.0,135.1,138.0,,,,,,
943.0,27.95,480.8,134.6,138.0,,,,,,
944.0,27.92,479.3,133.9,138.0,,,,,,
945.0,27.9,477.9,133.1,139.0,,,,,,
946.0,27.86,477.2,132.6,139.0,,,,,,
947.0,27.82,476.6,132.1,139.0,,,,,,
948.0,27.8,476.2,131.9,139.0,,,,,,
949.0,27.8,475.7,131.9,140.0,,,,,,
950.0,27.79,473.4,131.7,139.0,,,,,,
951.0,27.79,469.6,131.3,140.0,,,,,,
952.0,27.81,469.0,131.4,140.0,,,,,,
953.0,27.83,469.6,131.6,140.0,,,,,,
954.0,27.84,470.2,131.9,140.0,,,,,,
955.0,27.86,471.9,132.3,140.0,,,,,,
956.0,27.87,473.7,132.8,139.0,,,,,,
957.0,27.88,475.5,133.3,139.0,,,,,,
958.0,27.89,478.4,133.9,139.0,,,,,,
959.0,27.9,481.4,134.6,140.0,,,,,,
960.0,27.92,482.4,135.3,140.0,,,,,,
961.0,27.93,482.9,136.0,140.0,,,,,,
962.0,27.9,485.3,136.8,140.0,,,,,,
963.0,27.86,488.0,137.5,140.0,,,,,,
964.0,27.82,489.6,138.0,140.0,,,,,,
965.0,27.77,491.0,138.3,140.0,,,,,,
966.0,27.72,492.4,138.7,140.0,,,,,,
967.0,27.67,493.6,139.2,140.0,,,,,,
968.0,27.63,494.5,139.7,140.0,,,,,,
969.0,27.6,495.2,140.3,140.0,,,,,,
970.0,27.59,497.0,141.0,140.0,,,,,,
971.0,27.6,499.0,141.6,140.0,,,,,,
972.0,27.65,501.4,142.2,140.0,,,,,,
973.0,27.72,503.9,142.9,140.0,,,,,,
974.0,27.79,505.8,143.4,141.0,,,,,,
975.0,27.85,506.5,143.7,141.0,,,,,,
976.0,27.92,507.3,143.9,141.0,,,,,,
977.0,27.98,508.7,144.5,141.0,,,,,,
978.0,28.04,510.3,145.3,141.0,,,,,,
979.0,28.11,509.5,145.2,141.0,,,,,,
980.0,28.17,504.6,143.9,141.0,,,,,,
981.0,28.21,502.8,143.8,140.0,,,,,,
982.0,28.21,507.6,146.6,141.0,,,,,,
983.0,28.21,512.5,148.7,140.0,,,,,,
984.0,28.22,517.7,149.8,141.0,,,,,,
985.0,28.23,518.6,150.5,140.0,,,,,,
986.0,28.25,518.6,151.2,140.0,,,,,,
987.0,28.26,519.2,152.1,141.0,,,,,,
988.0,28.27,520.6,153.4,141.0,,,,,,
989.0,28.28,521.7,154.2,141.0,,,,,,
990.0,28.28,522.4,154.6,141.0,,,,,,
991.0,28.29,523.4,155.0,141.0,,,,,,
992.0,28.31,524.6,155.2,141.0,,,,,,
993.0,28.35,526.2,155.5,141.0,,,,,,
994.0,28.44,528.6,155.9,141.0,,,,,,
995.0,28.51,530.7,156.1,141.0,,,,,,
996.0,28.57,532.2,156.3,141.0,,,,,,
997.0,28.64,533.2,156.4,141.0,,,,,,
998.0,28.74,533.0,156.2,142.0,,,,,,
999.0,28.84,533.3,156.3,141.0,,,,,,
1000.0,28.93,535.3,157.5,142.0,,,,,,
1001.0,29.02,536.8,158.4,142.0,,,,,,
1002.0,29.1,536.9,158.6,142.0,,,,,,
1003.0,29.17,537.1,158.8,142.0,,,,,,
1004.0,29.24,537.6,158.9,142.0,,,,,,
1005.0,29.31,537.9,159.0,142.0,,,,,,
1006.0,29.39,537.3,159.3,142.0,,,,,,
1007.0,29.47,536.7,159.5,143.0,,,,,,
1008.0,29.52,536.2,159.8,143.0,,,,,,
1009.0,29.56,535.9,160.2,143.0,,,,,,
1010.0,29.61,535.5,160.1,144.0,,,,,,
1011.0,29.65,535.1,160.0,144.0,,,,,,
1012.0,29.65,534.4,159.8,144.0,,,,,,
1013.0,29.62,534.7,159.7,144.0,,,,,,
1014.0,29.56,537.7,160.0,144.0,,,,,,
1015.0,29.49,539.4,160.1,144.0,,,,,,
1016.0,29.42,538.2,159.8,144.0,,,,,,
1017.0,29.35,536.4,159.5,144.0,,,,,,
1018.0,29.32,533.2,159.1,144.0,,,,,,
1019.0,29.3,530.1,158.6,144.0,,,,,,
1020.0,29.3,527.0,157.8,144.0,,,,,,
1021.0,29.31,524.9,157.2,144.0,,,,,,
1022.0,29.32,523.8,156.8,143.0,,,,,,
1023.0,29.33,522.7,156.5,143.0,,,,,,
1024.0,29.35,521.6,156.3,143.0,,,,,,
1025.0,29.36,520.4,156.1,143.0,,,,,,
1026.0,29.39,519.5,155.8,143.0,,,,,,
1027.0,29.41,518.6,155.4,142.0,,,,,,
1028.0,29.4,519.7,155.1,142.0,,,,,,
1029.0,29.38,521.6,154.8,142.0,,,,,,
1030.0,29.35,522.0,153.9,142.0,,,,,,
1031.0,29.32,519.8,152.3,142.0,,,,,,
1032.0,29.27,513.4,150.7,142.0,,,,,,
1033.0,29.22,506.7,149.1,142.0,,,,,,
1034.0,29.17,504.3,148.7,142.0,,,,,,
1035.0,29.11,502.1,148.3,142.0,,,,,,
1036.0,29.05,501.5,148.0,141.0,,,,,,
1037.0,28.99,501.1,147.7,141.0,,,,,,
1038.0,28.96,499.6,146.9,141.0,,,,,,
1039.0,28.94,497.8,146.0,141.0,,,,,,
1040.0,28.94,502.9,147.3,141.0,,,,,,
1041.0,28.93,509.6,149.1,141.0,,,,,,
1042.0,28.96,511.7,148.8,141.0,,,,,,
1043.0,29.0,508.7,146.1,141.0,,,,,,
1044.0,29.05,506.0,144.0,141.0,,,,,,
1045.0,29.1,503.9,142.7,141.0,,,,,,
1046.0,29.13,502.5,141.7,141.0,,,,,,
1047.0,29.09,503.5,141.3,141.0,,,,,,
1048.0,29.05,504.0,140.7,141.0,,,,,,
1049.0,29.0,503.7,139.8,141.0,,,,,,
1050.0,28.94,504.2,139.4,141.0,,,,,,
1051.0,28.86,505.3,139.2,141.0,,,,,,
1052.0,28.78,504.5,138.7,141.0,,,,,,
1053.0,28.69,503.5,138.2,141.0,,,,,,
1054.0,28.63,501.9,137.8,141.0,,,,,,
1055.0,28.58,500.2,137.4,141.0,,,,,,
1056.0,28.56,499.8,137.4,141.0,,,,,,
1057.0,28.55,500.0,137.5,141.0,,,,,,
1058.0,28.52,499.8,137.5,141.0,,,,,,
1059.0,28.48,499.0,137.3,140.0,,,,,,
1060.0,28.44,498.2,137.1,140.0,,,,,,
1061.0,28.37,497.0,136.6,140.0,,,,,,
1062.0,28.27,495.4,135.6,140.0,,,,,,
1063.0,28.17,493.8,134.6,139.0,,,,,,
1064.0,28.0,492.9,134.0,139.0,,,,,,
1065.0,27.82,492.2,133.6,139.0,,,,,,
1066.0,27.64,491.3,133.3,138.5,,,,,,
1067.0,27.46,490.6,133.0,138.0,,,,,,
1068.0,27.28,491.0,133.1,138.0,,,,,,
1069.0,27.1,491.5,133.2,138.0,,,,,,
1070.0,26.94,492.5,133.3,138.0,,,,,,
1071.0,26.78,493.8,133.6,138.0,,,,,,
1072.0,26.64,494.0,133.5,137.0,,,,,,
1073.0,26.5,493.7,133.3,137.0,,,,,,
1074.0,26.38,493.8,133.2,136.5,,,,,,
1075.0,26.29,494.4,133.1,136.0,,,,,,
1076.0,26.19,495.0,133.1,135.0,,,,,,
1077.0,26.12,493.9,132.8,136.0,,,,,,
1078.0,26.07,492.5,132.5,136.0,,,,,,
1079.0,26.01,491.2,132.1,135.0,,,,,,
1080.0,26.01,491.8,132.3,135.0,,,,,,
1081.0,26.02,492.7,132.6,135.0,,,,,,
1082.0,26.02,494.7,132.7,135.0,,,,,,
1083.0,26.03,497.8,132.6,135.0,,,,,,
1084.0,26.03,500.8,132.6,134.0,,,,,,
1085.0,26.04,501.2,132.2,134.0,,,,,,
1086.0,26.05,501.4,131.8,133.0,,,,,,
1087.0,26.08,501.5,131.6,133.0,,,,,,
1088.0,26.12,501.7,131.5,133.0,,,,,,
1089.0,26.14,501.3,131.4,133.0,,,,,,
1090.0,26.13,498.8,130.6,133.0,,,,,,
1091.0,26.12,496.3,129.8,132.0,,,,,,
1092.0,26.1,494.9,129.4,132.0,,,,,,
1093.0,26.07,493.5,129.1,131.5,,,,,,
1094.0,26.07,489.6,128.6,131.0,,,,,,
1095.0,26.08,485.5,128.0,132.0,,,,,,
1096.0,26.12,483.2,127.9,131.0,,,,,,
1097.0,26.2,482.2,128.1,131.0,,,,,,
1098.0,26.28,482.6,128.3,131.0,,,,,,
1099.0,26.38,484.3,128.5,131.0,,,,,,
1100.0,26.48,485.6,128.7,130.0,,,,,,
1101.0,26.59,485.6,128.5,130.0,,,,,,
1102.0,26.7,485.4,128.3,130.0,,,,,,
1103.0,26.79,485.1,128.3,130.0,,,,,,
1104.0,26.87,484.9,128.3,130.0,,,,,,
1105.0,26.93,486.0,128.1,130.0,,,,,,
1106.0,26.99,487.0,128.0,130.0,,,,,,
1107.0,27.03,485.4,127.2,129.0,,,,,,
1108.0,27.06,482.9,126.3,129.0,,,,,,
1109.0,27.08,481.1,125.5,129.0,,,,,,
1110.0,27.08,479.8,125.1,128.0,,,,,,
1111.0,27.09,478.5,124.7,128.0,,,,,,
1112.0,27.13,477.1,124.6,128.0,,,,,,
1113.0,27.17,475.1,124.4,128.0,,,,,,
1114.0,27.22,472.2,123.9,128.0,,,,,,
1115.0,27.26,470.2,123.7,127.0,,,,,,
1116.0,27.28,469.8,123.7,127.0,,,,,,
1117.0,27.31,469.3,123.7,127.0,,,,,,
1118.0,27.33,469.1,123.5,127.0,,,,,,
1119.0,27.34,469.2,123.0,126.0,,,,,,
1120.0,27.36,469.4,122.5,126.0,,,,,,
1121.0,27.35,467.4,121.3,126.0,,,,,,
1122.0,27.35,465.0,120.1,126.0,,,,,,
1123.0,27.34,464.1,119.6,126.0,,,,,,
1124.0,27.34,463.7,119.5,126.0,,,,,,
1125.0,27.28,461.7,118.9,126.0,,,,,,
1126.0,27.21,458.8,118.1,126.0,,,,,,
1127.0,27.12,457.6,117.6,126.0,,,,,,
1128.0,27.03,457.1,117.2,125.0,,,,,,
1129.0,26.91,456.9,116.9,126.0,,,,,,
1130.0,26.76,457.2,116.7,126.0,,,,,,
1131.0,26.62,457.2,116.4,126.0,,,,,,
1132.0,26.49,456.3,115.9,126.0,,,,,,
1133.0,26.36,455.5,115.5,126.0,,,,,,
1134.0,26.27,454.8,115.2,126.0,,,,,,
1135.0,26.18,454.1,114.9,126.0,,,,,,
1136.0,26.09,452.6,114.3,126.0,,,,,,
1137.0,25.99,450.8,113.6,125.0,,,,,,
1138.0,25.9,450.2,113.0,125.0,,,,,,
1139.0,25.82,449.7,112.4,125.0,,,,,,
1140.0,25.73,449.2,111.8,125.0,,,,,,
1141.0,25.66,448.7,111.5,125.0,,,,,,
1142.0,25.59,448.2,111.2,125.0,,,,,,
1143.0,25.53,447.5,110.8,125.0,,,,,,
1144.0,25.47,446.4,110.5,125.0,,,,,,
1145.0,25.4,445.3,110.2,124.0,,,,,,
1146.0,25.34,444.5,109.9,125.0,,,,,,
1147.0,25.24,445.5,109.8,125.0,,,,,,
1148.0,25.13,446.5,109.7,125.0,,,,,,
1149.0,25.03,446.7,109.4,125.0,,,,,,
1150.0,24.91,445.9,108.7,125.0,,,,,,
1151.0,24.81,444.2,108.0,125.0,,,,,,
1152.0,24.72,441.2,107.3,124.0,,,,,,
1153.0,24.64,438.4,106.8,124.0,,,,,,
1154.0,24.58,437.6,106.6,123.0,,,,,,
1155.0,24.51,436.7,106.5,123.0,,,,,,
1156.0,24.45,435.8,106.4,123.0,,,,,,
1157.0,24.41,435.3,106.2,123.0,,,,,,
1158.0,24.37,434.8,106.0,123.0,,,,,,
1159.0,24.33,434.3,105.7,123.0,,,,,,
1160.0,24.29,433.9,105.5,123.0,,,,,,
1161.0,24.21,434.0,105.3,123.0,,,,,,
1162.0,24.11,434.6,105.2,124.0,,,,,,
1163.0,24.03,434.9,105.1,124.0,,,,,,
1164.0,23.97,434.3,104.7,124.0,,,,,,
1165.0,23.92,433.7,104.3,124.5,,,,,,
1166.0,23.92,433.3,104.1,125.0,,,,,,
1167.0,23.92,432.9,103.8,125.0,,,,,,
1168.0,23.93,433.0,103.6,124.0,,,,,,
1169.0,23.95,433.4,103.5,124.0,,,,,,
1170.0,23.96,433.8,103.5,124.0,,,,,,
1171.0,23.95,434.2,103.3,124.0,,,,,,
1172.0,23.94,434.7,103.1,124.0,,,,,,
1173.0,23.91,434.7,102.8,124.0,,,,,,
1174.0,23.86,434.0,102.1,124.0,,,,,,
1175.0,23.82,433.2,101.6,124.0,,,,,,
1176.0,23.83,432.3,101.5,124.0,,,,,,
1177.0,23.84,431.4,101.4,124.0,,,,,,
1178.0,23.84,429.7,101.1,124.0,,,,,,
1179.0,23.85,427.5,100.8,124.0,,,,,,
1180.0,23.86,425.4,100.5,124.0,,,,,,
1181.0,23.87,424.9,100.4,124.0,,,,,,
1182.0,23.88,425.0,100.4,124.0,,,,,,
1183.0,23.89,425.0,100.4,123.0,,,,,,
1184.0,23.92,424.2,100.3,124.0,,,,,,
1185.0,23.96,423.3,100.1,124.0,,,,,,
1186.0,24.0,423.8,100.4,124.0,,,,,,
1187.0,24.03,425.2,101.1,124.0,,,,,,
1188.0,24.07,426.7,101.7,123.0,,,,,,
1189.0,24.08,427.2,101.9,123.0,,,,,,
1190.0,24.08,427.6,102.0,123.0,,,,,,
1191.0,24.07,427.7,102.1,123.0,,,,,,
1192.0,24.05,427.2,102.0,123.0,,,,,,
1193.0,24.03,426.7,102.0,123.0,,,,,,
1194.0,23.99,427.6,102.2,123.0,,,,,,
1195.0,23.95,429.2,102.5,123.0,,,,,,
1196.0,23.92,430.9,102.9,123.0,,,,,,
1197.0,23.87,431.8,103.1,123.0,,,,,,
1198.0,23.83,432.7,103.3,124.0,,,,,,
1199.0,23.82,432.7,103.5,124.0,,,,,,
1200.0,23.84,432.3,103.6,124.0,,,,,,
1201.0,23.85,432.1,103.7,124.0,,,,,,
1202.0,23.85,432.0,103.8,124.0,,,,,,
1203.0,23.85,431.9,103.9,124.0,,,,,,
1204.0,23.84,431.4,103.9,124.0,,,,,,
1205.0,23.83,430.9,104.0,124.0,,,,,,
1206.0,23.85,430.1,104.0,124.0,,,,,,
1207.0,23.92,428.7,103.9,124.0,,,,,,
1208.0,23.98,427.3,103.9,124.0,,,,,,
1209.0,24.05,426.9,103.9,124.0,,,,,,
1210.0,24.12,426.5,103.9,124.0,,,,,,
1211.0,24.2,426.0,103.9,124.0,,,,,,
1212.0,24.29,425.3,104.2,123.0,,,,,,
1213.0,24.39,424.6,104.5,123.0,,,,,,
1214.0,24.45,424.2,104.5,123.0,,,,,,
1215.0,24.5,423.8,104.5,123.0,,,,,,
1216.0,24.54,424.1,104.8,123.0,,,,,,
1217.0,24.58,424.6,105.2,122.0,,,,,,
1218.0,24.61,424.7,105.3,122.0,,,,,,
1219.0,24.64,424.1,104.9,122.0,,,,,,
1220.0,24.66,423.6,104.6,122.0,,,,,,
1221.0,24.67,423.6,104.5,122.0,,,,,,
1222.0,24.68,423.9,104.5,122.0,,,,,,
1223.0,24.68,424.1,104.6,122.0,,,,,,
1224.0,24.69,424.5,104.7,122.0,,,,,,
1225.0,24.71,425.0,105.0,122.0,,,,,,
1226.0,24.76,424.8,105.2,122.0,,,,,,
1227.0,24.87,423.7,105.2,122.0,,,,,,
1228.0,24.98,422.9,105.3,123.0,,,,,,
1229.0,25.11,423.2,105.7,123.0,,,,,,
1230.0,25.23,423.5,106.0,123.0,,,,,,
1231.0,25.33,424.8,105.8,123.0,,,,,,
1232.0,25.43,426.0,105.7,123.0,,,,,,
1233.0,25.53,427.2,105.6,123.0,,,,,,
1234.0,25.61,426.5,105.4,123.0,,,,,,
1235.0,25.69,425.5,105.3,123.0,,,,,,
1236.0,25.77,424.4,105.1,122.0,,,,,,
1237.0,25.85,423.4,105.0,122.0,,,,,,
1238.0,25.91,422.9,104.8,122.0,,,,,,
1239.0,25.98,422.3,104.7,122.0,,,,,,
1240.0,26.04,421.7,104.8,121.0,,,,,,
1241.0,26.09,421.0,104.9,121.0,,,,,,
1242.0,26.13,420.9,105.2,120.0,,,,,,
1243.0,26.16,421.0,105.6,119.0,,,,,,
1244.0,26.17,421.0,105.8,119.0,,,,,,
1245.0,26.13,420.4,105.8,118.0,,,,,,
1246.0,26.09,420.3,106.0,118.0,,,,,,
1247.0,26.06,421.4,106.6,118.0,,,,,,
1248.0,26.03,422.4,107.2,118.0,,,,,,
1249.0,26.0,420.7,106.9,118.0,,,,,,
1250.0,25.98,420.4,106.8,118.0,,,,,,
1251.0,25.99,423.2,107.4,118.0,,,,,,
1252.0,25.99,426.1,108.0,118.0,,,,,,
1253.0,26.03,427.1,108.1,118.0,,,,,,
1254.0,26.06,428.1,108.1,119.0,,,,,,
1255.0,26.09,428.3,108.1,119.0,,,,,,
1256.0,26.12,428.0,108.1,119.0,,,,,,
1257.0,26.14,427.6,108.1,119.0,,,,,,
1258.0,26.17,427.3,108.2,120.0,,,,,,
1259.0,26.2,427.6,108.7,120.0,,,,,,
1260.0,26.24,427.8,109.3,120.0,,,,,,
1261.0,26.29,427.8,109.2,120.0,,,,,,
1262.0,26.35,427.7,108.7,120.0,,,,,,
1263.0,26.4,427.4,108.1,120.0,,,,,,
1264.0,26.4,427.1,107.8,119.5,,,,,,
1265.0,26.39,427.1,107.6,119.0,,,,,,
1266.0,26.38,428.5,107.6,120.0,,,,,,
1267.0,26.36,429.9,107.7,120.0,,,,,,
1268.0,26.35,428.0,107.4,120.0,,,,,,
1269.0,26.34,425.1,106.9,121.0,,,,,,
1270.0,26.32,422.2,106.5,121.0,,,,,,
1271.0,26.3,420.5,106.6,121.0,,,,,,
1272.0,26.27,422.6,107.9,122.0,,,,,,
1273.0,26.24,424.4,108.8,123.0,,,,,,
1274.0,26.21,425.6,108.7,123.0,,,,,,
1275.0,26.18,426.7,108.6,124.0,,,,,,
1276.0,26.17,426.9,108.4,125.0,,,,,,
1277.0,26.16,426.8,108.2,125.0,,,,,,
1278.0,26.17,427.4,108.3,125.0,,,,,,
1279.0,26.18,428.1,108.3,125.0,,,,,,
1280.0,26.18,429.2,108.5,124.0,,,,,,
1281.0,26.19,430.3,108.7,124.0,,,,,,
1282.0,26.19,431.2,108.7,124.0,,,,,,
1283.0,26.17,431.8,108.7,124.0,,,,,,
1284.0,26.15,432.6,108.5,123.0,,,,,,
1285.0,26.12,433.7,108.2,123.0,,,,,,
1286.0,26.09,434.9,107.8,123.0,,,,,,
1287.0,26.05,435.4,107.6,122.0,,,,,,
1288.0,26.01,435.7,107.4,122.0,,,,,,
1289.0,25.95,435.1,107.1,122.0,,,,,,
1290.0,25.89,433.6,106.8,123.0,,,,,,
1291.0,25.82,432.2,106.5,123.0,,,,,,
1292.0,25.76,432.1,106.9,123.0,,,,,,
1293.0,25.68,432.4,107.5,123.0,,,,,,
1294.0,25.61,434.4,108.1,123.0,,,,,,
1295.0,25.53,437.5,108.8,123.0,,,,,,
1296.0,25.46,440.1,109.1,122.0,,,,,,
1297.0,25.4,440.3,108.4,122.0,,,,,,
1298.0,25.34,440.5,107.6,122.0,,,,,,
1299.0,25.27,441.5,107.6,122.0,,,,,,
1300.0,25.21,442.8,107.9,121.0,,,,,,
1301.0,25.14,443.5,108.1,121.0,,,,,,
1302.0,25.07,442.5,108.1,121.0,,,,,,
1303.0,25.0,441.6,108.2,121.0,,,,,,
1304.0,24.92,439.8,108.3,122.0,,,,,,
1305.0,24.84,437.4,108.5,122.0,,,,,,
1306.0,24.76,435.0,108.7,122.0,,,,,,
1307.0,24.67,435.3,108.8,122.0,,,,,,
1308.0,24.57,435.6,109.0,122.0,,,,,,
1309.0,24.5,436.2,109.2,122.0,,,,,,
1310.0,24.42,436.9,109.4,122.0,,,,,,
1311.0,24.35,437.7,109.6,122.0,,,,,,
1312.0,24.3,439.1,109.8,122.0,,,,,,
1313.0,24.24,440.5,110.0,122.0,,,,,,
1314.0,24.18,444.2,110.5,123.0,,,,,,
1315.0,24.13,448.6,111.0,122.0,,,,,,
1316.0,24.08,450.9,111.1,122.0,,,,,,
1317.0,24.04,450.5,110.6,121.0,,,,,,
1318.0,24.0,450.1,110.2,121.0,,,,,,
1319.0,24.01,449.5,109.9,121.0,,,,,,
1320.0,24.02,449.0,109.5,120.0,,,,,,
1321.0,24.04,448.4,109.4,120.0,,,,,,
1322.0,24.06,447.9,109.4,120.0,,,,,,
1323.0,24.08,447.4,109.5,120.0,,,,,,
1324.0,24.16,445.1,108.9,120.0,,,,,,
1325.0,24.24,442.5,108.2,120.0,,,,,,
1326.0,24.33,440.6,107.7,120.0,,,,,,
1327.0,24.5,441.7,108.0,119.0,,,,,,
1328.0,24.66,442.9,108.3,119.0,,,,,,
1329.0,24.81,444.3,108.5,119.0,,,,,,
1330.0,24.96,445.6,108.6,118.0,,,,,,
1331.0,25.1,446.8,108.6,118.0,,,,,,
1332.0,25.24,447.7,108.4,118.0,,,,,,
1333.0,25.39,448.5,108.2,118.0,,,,,,
1334.0,25.44,448.0,108.2,119.0,,,,,,
1335.0,25.47,447.3,108.1,119.0,,,,,,
1336.0,25.51,446.5,108.1,119.0,,,,,,
1337.0,25.54,445.7,108.0,119.0,,,,,,
1338.0,25.57,445.0,108.0,119.0,,,,,,
1339.0,25.55,444.7,108.1,119.0,,,,,,
1340.0,25.51,444.6,108.2,120.0,,,,,,
1341.0,25.48,443.4,108.1,120.0,,,,,,
1342.0,25.45,442.1,108.1,120.0,,,,,,
1343.0,25.42,440.6,107.9,120.0,,,,,,
1344.0,25.39,439.0,107.6,120.0,,,,,,
1345.0,25.39,438.0,107.1,121.0,,,,,,
1346.0,25.39,436.9,106.7,120.0,,,,,,
1347.0,25.42,435.9,106.4,120.0,,,,,,
1348.0,25.46,435.0,106.2,120.0,,,,,,
1349.0,25.5,434.9,106.3,121.0,,,,,,
1350.0,25.53,435.2,106.6,121.0,,,,,,
1351.0,25.56,435.1,106.7,121.0,,,,,,
1352.0,25.57,434.1,106.6,121.0,,,,,,
1353.0,25.59,433.0,106.4,122.0,,,,,,
1354.0,25.6,432.0,106.2,123.0,,,,,,
1355.0,25.6,431.2,105.9,120.0,,,,,,
1356.0,25.61,430.4,105.7,121.0,,,,,,
1357.0,25.6,430.1,105.4,122.0,,,,,,
1358.0,25.58,430.2,105.2,122.0,,,,,,
1359.0,25.56,430.2,105.1,123.0,,,,,,
1360.0,25.55,429.5,105.0,123.0,,,,,,
1361.0,25.54,428.7,104.9,123.0,,,,,,
1362.0,25.52,431.7,105.6,123.0,,,,,,
1363.0,25.49,435.0,106.4,122.5,,,,,,
1364.0,25.42,435.8,106.4,122.0,,,,,,
1365.0,25.35,436.3,106.3,122.0,,,,,,
1366.0,25.28,436.7,106.2,122.0,,,,,,
1367.0,25.19,436.4,106.2,122.0,,,,,,
1368.0,25.1,436.0,106.2,121.0,,,,,,
1369.0,25.02,434.7,106.0,121.0,,,,,,
1370.0,24.93,431.1,105.2,121.0,,,,,,
1371.0,24.85,427.6,104.4,121.0,,,,,,
1372.0,24.78,425.1,104.2,120.0,,,,,,
1373.0,24.74,424.5,105.0,120.0,,,,,,
1374.0,24.72,423.9,105.7,121.0,,,,,,
1375.0,24.76,422.7,105.5,121.0,,,,,,
1376.0,24.81,421.5,105.3,121.0,,,,,,
1377.0,24.85,421.3,104.9,122.0,,,,,,
1378.0,24.89,421.0,104.5,122.0,,,,,,
1379.0,24.95,422.1,104.5,123.0,,,,,,
1380.0,25.0,423.7,104.7,123.0,,,,,,
1381.0,25.04,425.1,104.9,123.0,,,,,,
1382.0,25.05,426.3,104.9,124.0,,,,,,
1383.0,25.05,427.5,104.8,124.0,,,,,,
1384.0,25.0,427.7,104.6,124.0,,,,,,
1385.0,24.93,427.8,104.4,125.0,,,,,,
1386.0,24.87,427.6,104.2,125.0,,,,,,
1387.0,24.79,426.9,103.7,126.0,,,,,,
1388.0,24.73,425.4,103.3,126.0,,,,,,
1389.0,24.72,421.6,102.7,126.0,,,,,,
1390.0,24.7,417.9,102.1,126.0,,,,,,
1391.0,24.72,418.9,102.6,126.0,,,,,,
1392.0,24.73,420.2,103.1,126.0,,,,,,
1393.0,24.77,420.2,103.3,126.0,,,,,,
1394.0,24.82,419.4,103.1,126.0,,,,,,
1395.0,24.87,418.6,103.0,125.0,,,,,,
1396.0,24.92,418.6,103.0,125.0,,,,,,
1397.0,24.98,419.7,103.1,125.0,,,,,,
1398.0,25.03,420.8,103.2,125.5,,,,,,
1399.0,25.04,422.1,103.4,126.0,,,,,,
1400.0,25.05,423.3,103.5,126.0,,,,,,
1401.0,25.06,424.0,103.6,126.0,,,,,,
1402.0,25.07,423.0,103.4,126.0,,,,,,
1403.0,25.08,421.9,103.2,126.0,,,,,,
1404.0,25.09,421.2,103.2,126.0,,,,,,
1405.0,25.08,421.5,103.6,126.0,,,,,,
1406.0,25.07,421.6,104.0,126.0,,,,,,
1407.0,25.03,420.8,104.0,126.0,,,,,,
1408.0,24.99,419.9,104.0,126.0,,,,,,
1409.0,24.93,419.9,104.1,126.0,,,,,,
1410.0,24.85,420.4,104.1,126.0,,,,,,
1411.0,24.78,420.9,104.2,126.0,,,,,,
1412.0,24.7,421.8,104.2,126.0,,,,,,
1413.0,24.63,422.5,104.2,127.0,,,,,,
1414.0,24.6,422.7,104.0,127.0,,,,,,
1415.0,24.57,422.8,103.7,128.0,,,,,,
1416.0,24.54,424.5,104.2,128.0,,,,,,
1417.0,24.52,426.2,104.8,129.0,,,,,,
1418.0,24.52,427.0,105.0,129.0,,,,,,
1419.0,24.55,427.2,105.0,130.0,,,,,,
1420.0,24.58,427.6,105.1,131.0,,,,,,
1421.0,24.64,428.2,105.6,132.0,,,,,,
1422.0,24.7,428.8,106.1,132.0,,,,,,
1423.0,24.76,429.4,106.4,133.0,,,,,,
1424.0,24.83,430.2,106.4,134.0,,,,,,
1425.0,24.9,430.9,106.3,135.0,,,,,,
1426.0,24.95,432.9,106.7,135.0,,,,,,
1427.0,24.98,435.3,107.1,135.5,,,,,,
1428.0,25.01,437.2,107.4,136.0,,,,,,
1429.0,25.02,437.9,107.6,137.0,,,,,,
1430.0,25.03,438.8,107.7,137.0,,,,,,
1431.0,25.0,440.5,108.5,137.0,,,,,,
1432.0,24.96,442.2,109.4,138.0,,,,,,
1433.0,24.91,442.3,109.7,138.0,,,,,,
1434.0,24.86,441.7,109.7,138.0,,,,,,
1435.0,24.8,441.0,109.9,138.0,,,,,,
1436.0,24.75,439.9,110.2,138.0,,,,,,
1437.0,24.7,438.9,110.5,139.0,,,,,,
1438.0,24.65,439.9,111.3,139.0,,,,,,
1439.0,24.6,441.7,112.2,139.0,,,,,,
1440.0,24.55,443.4,113.1,139.0,,,,,,
1441.0,24.53,445.0,113.6,139.0,,,,,,
1442.0,24.52,446.6,114.1,139.0,,,,,,
1443.0,24.55,449.2,115.0,139.0,,,,,,
1444.0,24.57,451.9,115.9,139.0,,,,,,
1445.0,24.61,454.5,116.6,139.0,,,,,,
1446.0,24.67,457.0,117.3,140.0,,,,,,
1447.0,24.73,459.5,117.9,140.0,,,,,,
1448.0,24.76,461.1,118.1,140.0,,,,,,
1449.0,24.79,462.6,118.4,140.0,,,,,,
1450.0,24.82,464.1,118.8,140.0,,,,,,
1451.0,24.85,465.5,119.4,140.0,,,,,,
1452.0,24.87,466.8,119.9,140.0,,,,,,
1453.0,24.89,469.1,121.1,141.0,,,,,,
1454.0,24.9,471.6,122.3,140.0,,,,,,
1455.0,24.93,473.8,123.5,141.0,,,,,,
1456.0,24.97,475.5,124.4,141.0,,,,,,
1457.0,25.02,477.3,125.3,141.0,,,,,,
1458.0,25.11,479.0,126.4,141.0,,,,,,
1459.0,25.19,480.8,127.4,141.0,,,,,,
1460.0,25.28,482.3,128.1,141.0,,,,,,
1461.0,25.36,483.8,128.9,141.0,,,,,,
1462.0,25.45,485.2,129.5,141.0,,,,,,
1463.0,25.56,486.4,130.1,141.0,,,,,,
1464.0,25.66,487.6,130.6,141.0,,,,,,
1465.0,25.75,488.3,131.2,141.0,,,,,,
1466.0,25.84,489.0,131.9,141.0,,,,,,
1467.0,25.91,491.0,132.7,141.0,,,,,,
1468.0,25.98,494.2,133.8,142.0,,,,,,
1469.0,26.05,497.2,134.9,141.0,,,,,,
1470.0,26.14,498.8,135.8,142.0,,,,,,
1471.0,26.22,500.2,136.6,142.0,,,,,,
1472.0,26.33,499.3,137.1,142.0,,,,,,
1473.0,26.44,499.6,137.7,142.0,,,,,,
1474.0,26.55,501.9,138.8,142.0,,,,,,
1475.0,26.67,504.1,139.8,142.0,,,,,,
1476.0,26.81,505.7,140.6,143.0,,,,,,
1477.0,26.96,507.2,141.3,143.0,,,,,,
1478.0,27.08,509.5,142.2,144.0,,,,,,
1479.0,27.2,511.7,143.1,144.0,,,,,,
1480.0,27.33,513.4,143.9,145.0,,,,,,
1481.0,27.46,514.6,144.6,145.0,,,,,,
1482.0,27.57,515.9,145.1,145.0,,,,,,
1483.0,27.69,517.1,145.5,146.0,,,,,,
1484.0,27.8,518.4,145.8,145.0,,,,,,
1485.0,27.94,520.5,146.9,146.0,,,,,,
1486.0,28.08,522.7,148.0,146.0,,,,,,
1487.0,28.24,523.8,147.8,146.0,,,,,,
1488.0,28.4,524.9,147.8,146.0,,,,,,
1489.0,28.52,525.9,148.7,146.0,,,,,,
1490.0,28.63,526.7,149.3,146.0,,,,,,
1491.0,28.74,526.4,149.4,146.0,,,,,,
1492.0,28.84,526.2,149.5,146.0,,,,,,
1493.0,28.9,526.3,149.8,146.0,,,,,,
1494.0,28.97,526.4,150.2,146.0,,,,,,
1495.0,29.03,526.2,150.3,146.0,,,,,,
1496.0,29.09,526.0,150.4,146.0,,,,,,
1497.0,29.15,529.1,151.8,146.0,,,,,,
1498.0,29.21,532.3,153.1,146.0,,,,,,
1499.0,29.28,531.3,153.2,146.0,,,,,,
1500.0,29.35,530.2,153.3,146.0,,,,,,
1501.0,29.42,531.6,153.9,146.0,,,,,,
1502.0,29.47,533.0,154.4,146.0,,,,,,
1503.0,29.46,532.6,154.3,146.0,,,,,,
1504.0,29.46,532.1,154.1,146.0,,,,,,
1505.0,29.43,531.4,153.8,146.0,,,,,,
1506.0,29.4,530.9,153.6,147.0,,,,,,
1507.0,29.34,531.9,154.0,147.0,,,,,,
1508.0,29.28,532.5,154.4,147.0,,,,,,
1509.0,29.26,530.8,154.3,147.0,,,,,,
1510.0,29.24,529.2,154.2,147.0,,,,,,
1511.0,29.23,527.6,154.4,147.0,,,,,,
1512.0,29.21,526.1,154.7,147.5,,,,,,
1513.0,29.2,525.9,155.1,148.0,,,,,,
1514.0,29.2,526.2,155.7,148.0,,,,,,
1515.0,29.19,526.3,155.9,148.0,,,,,,
1516.0,29.19,526.2,155.9,148.0,,,,,,
1517.0,29.19,525.8,155.8,149.0,,,,,,
1518.0,29.18,525.1,155.3,148.0,,,,,,
1519.0,29.17,524.4,154.9,148.0,,,,,,
1520.0,29.16,524.3,154.8,148.0,,,,,,
1521.0,29.16,524.3,154.8,148.0,,,,,,
1522.0,29.14,523.5,154.5,148.0,,,,,,
1523.0,29.12,522.2,154.1,148.0,,,,,,
1524.0,29.12,521.7,154.1,148.0,,,,,,
1525.0,29.12,521.8,154.3,148.0,,,,,,
1526.0,29.13,521.8,154.5,148.0,,,,,,
1527.0,29.14,521.9,154.6,147.0,,,,,,
1528.0,29.16,521.7,154.5,147.0,,,,,,
1529.0,29.2,521.2,154.2,147.0,,,,,,
1530.0,29.25,520.0,153.8,147.0,,,,,,
1531.0,29.3,518.0,153.3,147.0,,,,,,
1532.0,29.36,516.5,152.8,147.0,,,,,,
1533.0,29.43,515.5,152.4,146.0,,,,,,
1534.0,29.53,514.7,152.2,147.0,,,,,,
1535.0,29.68,514.3,152.1,147.0,,,,,,
1536.0,29.78,514.0,152.0,147.0,,,,,,
1537.0,29.87,513.7,151.9,146.0,,,,,,
1538.0,29.95,513.1,151.5,146.0,,,,,,
1539.0,30.03,512.0,150.8,146.0,,,,,,
1540.0,30.11,511.0,150.1,146.0,,,,,,
1541.0,30.16,510.1,149.5,146.0,,,,,,
1542.0,30.21,509.2,149.1,146.0,,,,,,
1543.0,30.26,508.3,148.8,146.0,,,,,,
1544.0,30.29,508.2,149.1,146.0,,,,,,
1545.0,30.31,508.3,149.6,146.0,,,,,,
1546.0,30.33,507.9,149.8,146.0,,,,,,
1547.0,30.35,507.5,149.9,146.0,,,,,,
1548.0,30.38,507.8,151.0,146.0,,,,,,
1549.0,30.41,508.3,152.1,147.0,,,,,,
1550.0,30.41,507.3,152.2,147.0,,,,,,
1551.0,30.41,506.2,152.2,147.0,,,,,,
1552.0,30.41,505.4,152.1,147.0,,,,,,
1553.0,30.41,504.7,152.0,147.0,,,,,,
1554.0,30.39,505.3,152.4,147.0,,,,,,
1555.0,30.37,505.9,152.9,147.0,,,,,,
1556.0,30.32,505.3,153.2,147.0,,,,,,
1557.0,30.27,504.5,153.4,147.0,,,,,,
1558.0,30.19,503.0,153.4,147.0,,,,,,
1559.0,30.09,501.3,153.4,147.0,,,,,,
1560.0,29.99,499.5,153.3,147.0,,,,,,
1561.0,29.9,497.6,153.1,147.0,,,,,,
1562.0,29.8,498.4,153.8,147.0,,,,,,
1563.0,29.71,499.5,154.6,147.0,,,,,,
1564.0,29.66,500.1,155.0,147.0,,,,,,
1565.0,29.61,500.8,155.4,147.0,,,,,,
1566.0,29.62,501.3,156.4,147.0,,,,,,
1567.0,29.64,501.8,157.5,147.0,,,,,,
1568.0,29.69,502.2,157.8,147.0,,,,,,
1569.0,29.74,502.4,158.1,148.0,,,,,,
1570.0,29.79,502.4,158.3,147.0,,,,,,
1571.0,29.84,502.2,158.4,147.0,,,,,,
1572.0,29.9,502.1,158.2,147.0,,,,,,
1573.0,29.99,502.3,157.1,147.0,,,,,,
1574.0,30.09,502.7,156.3,147.0,,,,,,
1575.0,30.22,504.5,156.7,148.0,,,,,,
1576.0,30.34,506.1,157.2,147.0,,,,,,
1577.0,30.47,507.1,157.5,148.0,,,,,,
1578.0,30.59,508.0,157.7,147.0,,,,,,
1579.0,30.76,507.8,157.5,148.0,,,,,,
1580.0,30.95,507.2,157.2,147.0,,,,,,
1581.0,31.16,505.7,156.6,148.0,,,,,,
1582.0,31.35,505.6,156.6,148.0,,,,,,
1583.0,31.54,505.8,156.7,148.0,,,,,,
1584.0,31.74,504.9,156.7,148.0,,,,,,
1585.0,31.95,504.0,156.8,148.0,,,,,,
1586.0,32.12,507.2,156.9,148.0,,,,,,
1587.0,32.3,510.4,157.0,148.0,,,,,,
1588.0,32.55,511.1,156.3,148.0,,,,,,
1589.0,32.77,512.4,155.9,148.0,,,,,,
1590.0,32.93,514.4,155.7,148.0,,,,,,
1591.0,33.04,515.0,155.7,148.0,,,,,,
1592.0,33.14,515.4,155.7,148.0,,,,,,
1593.0,33.15,515.2,155.5,148.0,,,,,,
1594.0,33.13,514.3,155.2,148.0,,,,,,
1595.0,33.04,510.8,154.4,148.0,,,,,,
1596.0,32.96,504.4,153.3,148.0,,,,,,
1597.0,32.89,497.2,152.1,149.0,,,,,,
1598.0,32.82,495.1,152.3,149.0,,,,,,
1599.0,32.74,493.2,152.4,149.0,,,,,,
1600.0,32.66,492.1,152.3,149.0,,,,,,
1601.0,32.58,490.9,152.2,149.0,,,,,,
1602.0,32.46,489.4,152.0,149.0,,,,,,
1603.0,32.25,487.3,151.3,148.0,,,,,,
1604.0,32.03,485.3,150.5,148.0,,,,,,
1605.0,31.76,484.0,149.7,147.0,,,,,,
1606.0,31.48,482.6,148.8,146.0,,,,,,
1607.0,31.17,481.3,148.1,145.0,,,,,,
1608.0,30.87,480.1,147.4,143.0,,,,,,
1609.0,30.56,479.5,146.8,142.0,,,,,,
1610.0,30.26,478.7,146.1,141.0,,,,,,
1611.0,29.97,477.1,145.6,140.0,,,,,,
1612.0,29.7,475.6,145.2,139.0,,,,,,
1613.0,29.52,474.5,145.1,138.0,,,,,,
1614.0,29.38,473.4,144.8,138.0,,,,,,
1615.0,29.33,472.2,144.2,137.0,,,,,,
1616.0,29.27,471.0,143.7,136.0,,,,,,
1617.0,29.27,470.5,143.2,136.0,,,,,,
1618.0,29.27,470.2,142.8,135.0,,,,,,
1619.0,29.28,469.9,142.4,134.0,,,,,,
1620.0,29.32,471.5,141.9,133.0,,,,,,
1621.0,29.35,473.1,141.3,132.0,,,,,,
1622.0,29.4,473.1,140.5,131.0,,,,,,
1623.0,29.47,471.0,139.2,130.0,,,,,,
1624.0,29.52,468.8,137.9,130.0,,,,,,
1625.0,29.54,466.5,136.6,129.0,,,,,,
1626.0,29.56,464.6,135.4,128.0,,,,,,
1627.0,29.56,463.3,134.1,126.0,,,,,,
1628.0,29.54,461.0,132.5,126.0,,,,,,
1629.0,29.5,456.8,130.3,124.0,,,,,,
1630.0,29.49,455.8,129.3,125.0,,,,,,
1631.0,29.48,454.8,128.3,124.0,,,,,,
1632.0,29.5,452.7,127.9,124.0,,,,,,
1633.0,29.53,450.1,127.5,124.0,,,,,,
1634.0,29.62,445.9,126.0,123.0,,,,,,
1635.0,29.72,441.7,124.5,123.0,,,,,,
1636.0,29.86,439.0,123.5,122.0,,,,,,
1637.0,30.01,436.4,122.5,122.0,,,,,,
1638.0,30.14,432.7,121.3,122.0,,,,,,
1639.0,30.27,428.5,119.9,121.0,,,,,,
1640.0,30.37,427.4,119.0,120.5,,,,,,
1641.0,30.45,428.4,118.3,120.0,,,,,,
1642.0,30.46,427.1,117.2,120.0,,,,,,
1643.0,30.43,424.5,115.9,119.0,,,,,,
1644.0,30.32,422.4,114.6,119.0,,,,,,
1645.0,30.14,420.8,113.4,118.0,,,,,,
1646.0,29.91,414.9,112.4,118.0,,,,,,
1647.0,29.68,408.2,111.4,117.0,,,,,,
1648.0,29.35,404.3,110.9,117.0,,,,,,
1649.0,29.04,400.6,110.4,116.0,,,,,,
1650.0,28.85,398.1,110.0,117.0,,,,,,
1651.0,28.66,395.7,109.5,117.0,,,,,,
1652.0,28.47,393.2,109.1,117.0,,,,,,
1653.0,28.25,390.7,108.3,118.0,,,,,,
1654.0,28.01,388.2,107.5,118.0,,,,,,
1655.0,27.82,386.2,106.7,118.0,,,,,,
1656.0,27.66,384.8,106.0,117.0,,,,,,
1657.0,27.51,383.4,105.2,116.0,,,,,,
1658.0,27.4,381.8,104.4,116.0,,,,,,
1659.0,27.3,380.2,103.6,114.0,,,,,,
1660.0,27.15,381.3,103.5,114.0,,,,,,
1661.0,26.99,383.3,103.6,114.0,,,,,,
1662.0,26.83,383.6,103.3,113.0,,,,,,
1663.0,26.69,381.9,102.4,113.0,,,,,,
1664.0,26.55,380.2,101.6,111.0,,,,,,
1665.0,26.41,378.9,100.7,111.0,,,,,,
1666.0,26.27,377.7,99.87,110.0,,,,,,
1667.0,26.13,376.3,98.95,109.0,,,,,,
1668.0,25.99,374.6,97.81,108.0,,,,,,
1669.0,25.85,372.9,96.67,108.0,,,,,,
1670.0,25.76,371.3,96.02,107.0,,,,,,
1671.0,25.68,369.6,95.41,106.0,,,,,,
1672.0,25.62,368.7,94.75,106.0,,,,,,
1673.0,25.58,368.8,94.0,106.0,,,,,,
1674.0,25.55,368.0,93.28,105.0,,,,,,
1675.0,25.55,366.4,92.57,105.0,,,,,,
1676.0,25.55,364.8,91.86,104.0,,,,,,
1677.0,25.55,363.2,91.17,104.0,,,,,,
1678.0,25.52,362.7,90.82,104.0,,,,,,
1679.0,25.5,362.1,90.48,104.0,,,,,,
1680.0,25.49,361.4,90.02,104.0,,,,,,
1681.0,25.49,359.2,88.75,104.0,,,,,,
1682.0,25.49,357.0,87.49,104.0,,,,,,
1683.0,25.5,355.6,86.77,103.0,,,,,,
1684.0,25.53,354.6,86.21,103.0,,,,,,
1685.0,25.54,354.3,85.33,103.0,,,,,,
1686.0,25.55,354.2,84.37,104.0,,,,,,
1687.0,25.56,350.9,83.47,104.0,,,,,,
1688.0,25.57,346.5,82.59,104.0,,,,,,
1689.0,25.56,344.2,81.9,103.0,,,,,,
1690.0,25.54,342.5,81.27,102.0,,,,,,
1691.0,25.5,341.0,80.75,101.0,,,,,,
1692.0,25.4,339.8,80.5,100.0,,,,,,
1693.0,25.29,338.6,80.24,100.0,,,,,,
1694.0,25.17,337.5,79.81,100.0,,,,,,
1695.0,25.04,336.4,79.3,100.0,,,,,,
1696.0,24.91,335.2,78.81,100.0,,,,,,
1697.0,24.81,333.2,78.6,100.0,,,,,,
1698.0,24.71,331.3,78.39,99.0,,,,,,
1699.0,24.62,328.4,77.84,99.0,,,,,,
1700.0,24.54,325.2,77.18,98.0,,,,,,
1701.0,24.48,323.2,76.83,98.0,,,,,,
1702.0,24.43,321.7,76.63,98.0,,,,,,
1703.0,24.39,320.3,76.42,98.0,,,,,,
1704.0,24.35,319.2,76.18,98.0,,,,,,
1705.0,24.31,318.0,75.94,99.0,,,,,,
1706.0,24.27,316.9,75.7,99.0,,,,,,
1707.0,24.21,315.6,75.44,100.0,,,,,,
1708.0,24.09,313.9,75.12,100.0,,,,,,
1709.0,23.96,312.3,74.8,99.0,,,,,,
1710.0,23.83,311.3,74.67,98.0,,,,,,
1711.0,23.69,310.8,74.68,97.0,,,,,,
1712.0,23.56,310.3,74.69,97.0,,,,,,
1713.0,23.43,309.2,74.79,98.0,,,,,,
1714.0,23.31,307.4,75.01,98.0,,,,,,
1715.0,23.2,305.6,75.22,98.0,,,,,,
1716.0,23.07,304.3,75.47,98.0,,,,,,
1717.0,22.94,303.5,75.77,97.0,,,,,,
1718.0,22.82,302.6,75.94,96.0,,,,,,
1719.0,22.78,301.0,75.65,96.0,,,,,,
1720.0,22.74,299.4,75.37,95.0,,,,,,
1721.0,22.7,297.4,74.93,95.0,,,,,,
1722.0,22.66,295.0,74.35,94.0,,,,,,
1723.0,22.64,292.9,73.93,94.0,,,,,,
1724.0,22.68,292.0,74.25,95.0,,,,,,
1725.0,22.73,291.2,74.58,94.0,,,,,,
1726.0,22.77,290.3,74.9,94.0,,,,,,
1727.0,22.82,289.4,74.87,95.0,,,,,,
1728.0,22.86,288.5,74.84,94.0,,,,,,
1729.0,22.91,287.6,74.81,94.0,,,,,,
1730.0,22.99,286.3,75.16,93.0,,,,,,
1731.0,23.11,284.7,75.85,93.0,,,,,,
1732.0,23.23,283.0,76.54,92.0,,,,,,
1733.0,23.46,281.7,77.33,92.0,,,,,,
1734.0,23.71,280.5,78.13,92.0,,,,,,
1735.0,24.45,280.7,80.39,92.0,,,,,,
1736.0,24.77,281.0,80.2,92.0,,,,,,
1737.0,25.09,281.7,80.02,93.0,,,,,,
1738.0,25.37,284.5,79.9,93.0,,,,,,
1739.0,25.65,287.3,79.78,93.0,,,,,,
1740.0,25.95,287.4,79.9,94.0,,,,,,
1741.0,26.25,287.1,80.04,94.0,,,,,,
1742.0,26.55,286.0,80.16,94.0,,,,,,
1743.0,26.85,284.8,80.27,93.0,,,,,,
1744.0,27.2,283.7,80.38,94.0,,,,,,
1745.0,27.58,282.8,80.48,93.0,,,,,,
1746.0,28.26,280.1,80.34,94.0,,,,,,
1747.0,29.03,276.9,80.14,94.0,,,,,,
1748.0,29.84,277.6,80.4,94.0,,,,,,
1749.0,30.65,278.5,80.67,94.0,,,,,,
1750.0,31.63,279.3,80.93,94.0,,,,,,
1751.0,32.64,280.0,81.18,94.0,,,,,,
1752.0,33.36,281.3,81.22,95.0,,,,,,
1753.0,34.05,282.5,81.2,95.0,,,,,,
1754.0,34.58,282.3,80.95,94.0,,,,,,
1755.0,34.96,280.5,80.68,94.0,,,,,,
1756.0,35.12,276.2,80.38,95.0,,,,,,
1757.0,35.1,276.2,80.77,94.0,,,,,,
1758.0,34.97,279.0,81.59,95.0,,,,,,
1759.0,34.6,280.2,81.55,95.5,,,,,,
1760.0,34.46,280.2,80.73,94.0,,,,,,
1761.0,34.43,280.1,80.65,93.0,,,,,,
1762.0,34.41,280.0,80.58,93.0,,,,,,
1763.0,34.38,280.0,80.51,93.0,,,,,,
1764.0,34.36,279.9,80.43,93.0,,,,,,
1765.0,34.34,279.8,80.36,94.0,,,,,,
1766.0,34.31,279.8,80.29,93.0,,,,,,
1767.0,34.29,279.7,80.21,93.0,,,,,,
1768.0,34.26,279.6,80.14,94.0,,,,,,
1769.0,34.24,279.5,80.07,93.0,,,,,,
1770.0,34.15,280.3,79.87,93.0,,,,,,
1771.0,34.06,281.1,79.67,93.0,,,,,,
1772.0,33.97,281.9,79.48,93.0,,,,,,
1773.0,33.87,282.6,79.51,94.0,,,,,,
1774.0,33.77,283.3,79.61,94.0,,,,,,
1775.0,33.67,284.0,79.71,94.0,,,,,,
1776.0,33.56,284.7,79.79,94.0,,,,,,
1777.0,33.35,284.7,79.68,94.0,,,,,,
1778.0,33.14,284.7,79.58,94.0,,,,,,
1779.0,32.93,285.0,79.53,94.0,,,,,,
1780.0,32.71,286.0,79.63,93.0,,,,,,
1781.0,32.48,287.0,79.73,93.0,,,,,,
1782.0,32.2,288.2,79.77,93.0,,,,,,
1783.0,31.89,289.5,79.77,93.0,,,,,,
1784.0,31.42,290.3,79.6,93.0,,,,,,
1785.0,30.84,291.0,79.33,94.0,,,,,,
1786.0,30.25,291.0,78.92,95.0,,,,,,
1787.0,29.6,289.3,78.14,95.0,,,,,,
1788.0,28.95,287.7,77.36,94.0,,,,,,
1789.0,28.23,287.7,76.97,94.0,,,,,,
1790.0,27.46,288.5,76.78,93.0,,,,,,
1791.0,26.7,289.4,76.59,93.0,,,,,,
1792.0,26.17,289.9,76.33,93.0,,,,,,
1793.0,25.63,290.5,76.07,93.0,,,,,,
1794.0,25.1,291.1,75.85,92.0,,,,,,
1795.0,24.6,293.1,76.08,92.0,,,,,,
1796.0,24.1,295.1,76.31,91.0,,,,,,
1797.0,23.68,295.8,75.97,90.0,,,,,,
1798.0,23.36,295.1,74.99,90.0,,,,,,
1799.0,23.04,294.5,74.01,90.0,,,,,,
1800.0,22.96,295.1,73.73,90.0,,,,,,
1801.0,22.88,295.7,73.48,90.0,,,,,,
1802.0,22.82,296.6,73.1,90.0,,,,,,
1803.0,22.78,298.0,72.29,90.0,,,,,,
1804.0,22.74,299.4,71.49,89.0,,,,,,
1805.0,22.69,300.6,70.76,89.0,,,,,,
1806.0,22.62,301.4,70.27,89.0,,,,,,
1807.0,22.55,302.1,69.77,88.0,,,,,,
1808.0,22.48,302.9,69.27,87.0,,,,,,
1809.0,22.41,302.9,68.65,87.0,,,,,,
1810.0,22.35,302.7,68.02,87.0,,,,,,
1811.0,22.28,302.5,67.38,87.0,,,,,,
1812.0,22.2,302.4,66.96,87.0,,,,,,
1813.0,22.12,302.2,66.95,87.0,,,,,,
1814.0,22.03,302.1,66.94,86.0,,,,,,
1815.0,21.95,301.5,66.9,86.0,,,,,,
1816.0,21.85,299.1,66.76,86.0,,,,,,
1817.0,21.76,296.7,66.62,86.0,,,,,,
1818.0,21.67,294.8,66.5,86.0,,,,,,
1819.0,21.6,295.3,66.53,87.0,,,,,,
1820.0,21.54,295.9,66.56,87.0,,,,,,
1821.0,21.48,294.8,66.81,87.0,,,,,,
1822.0,21.42,292.5,67.21,87.0,,,,,,
1823.0,21.36,290.1,67.29,87.0,,,,,,
1824.0,21.3,287.4,66.55,87.0,,,,,,
1825.0,21.25,284.7,65.81,86.0,,,,,,
1826.0,21.23,283.4,65.29,86.0,,,,,,
1827.0,21.24,282.9,64.88,85.0,,,,,,
1828.0,21.25,282.4,64.52,85.0,,,,,,
1829.0,21.26,283.1,64.75,85.0,,,,,,
1830.0,21.27,283.8,64.99,85.0,,,,,,
1831.0,21.28,284.3,65.15,85.0,,,,,,
1832.0,21.33,283.3,64.64,85.0,,,,,,
1833.0,21.37,282.3,64.13,85.0,,,,,,
1834.0,21.42,281.3,63.69,85.0,,,,,,
1835.0,21.48,279.9,63.47,85.0,,,,,,
1836.0,21.55,278.6,63.25,84.0,,,,,,
1837.0,21.61,277.2,63.03,84.0,,,,,,
1838.0,21.71,276.4,62.84,85.0,,,,,,
1839.0,21.82,275.7,62.67,84.0,,,,,,
1840.0,21.94,275.8,62.5,85.0,,,,,,
1841.0,22.06,276.5,62.35,85.0,,,,,,
1842.0,22.13,276.4,62.3,86.0,,,,,,
1843.0,22.18,275.9,62.3,86.0,,,,,,
1844.0,22.23,275.4,62.3,87.0,,,,,,
1845.0,22.29,276.5,62.32,87.0,,,,,,
1846.0,22.39,279.7,62.38,87.0,,,,,,
1847.0,22.49,282.6,62.41,88.0,,,,,,
1848.0,22.58,281.6,62.13,88.0,,,,,,
1849.0,22.67,280.5,61.85,88.0,,,,,,
1850.0,22.77,279.3,61.59,88.0,,,,,,
1851.0,22.87,277.9,61.35,88.0,,,,,,
1852.0,22.97,276.5,61.1,89.0,,,,,,
1853.0,23.05,275.4,60.99,89.0,,,,,,
1854.0,23.12,274.4,60.91,89.0,,,,,,
1855.0,23.19,273.7,60.92,89.0,,,,,,
1856.0,23.2,275.7,61.5,90.0,,,,,,
1857.0,23.2,277.6,62.09,89.0,,,,,,
1858.0,23.2,278.9,62.36,89.0,,,,,,
1859.0,23.19,279.7,62.35,89.0,,,,,,
1860.0,23.17,280.5,62.33,89.0,,,,,,
1861.0,23.14,281.6,62.12,90.0,,,,,,
1862.0,23.13,281.9,62.02,90.0,,,,,,
1863.0,23.11,282.8,62.05,90.5,,,,,,
1864.0,23.05,285.5,62.5,91.0,,,,,,
1865.0,22.97,286.1,62.5,92.0,,,,,,
1866.0,22.89,286.8,62.5,92.0,,,,,,
1867.0,22.81,287.4,62.5,93.0,,,,,,
1868.0,22.68,288.1,62.28,93.0,,,,,,
1869.0,22.55,288.8,62.04,93.0,,,,,,
1870.0,22.43,289.0,61.82,93.0,,,,,,
1871.0,22.32,288.7,61.62,93.0,,,,,,
1872.0,22.22,288.4,61.41,93.0,,,,,,
1873.0,22.11,288.8,61.31,93.0,,,,,,
1874.0,21.98,289.5,61.27,92.0,,,,,,
1875.0,21.86,290.2,61.23,92.0,,,,,,
1876.0,21.8,293.0,61.59,91.0,,,,,,
1877.0,21.73,295.8,61.95,90.0,,,,,,
1878.0,21.67,298.4,62.28,89.0,,,,,,
1879.0,21.59,299.1,62.39,89.0,,,,,,
1880.0,21.51,299.7,62.51,88.0,,,,,,
1881.0,21.44,300.0,62.55,88.0,,,,,,
1882.0,21.37,300.1,62.57,88.0,,,,,,
1883.0,21.31,300.3,62.59,87.0,,,,,,
1884.0,21.24,300.5,62.61,87.0,,,,,,
1885.0,21.17,300.6,62.63,86.0,,,,,,
1886.0,21.09,300.7,62.58,87.0,,,,,,
1887.0,20.99,300.7,62.51,87.0,,,,,,
1888.0,20.9,300.7,62.43,87.0,,,,,,
1889.0,20.8,300.7,62.36,87.0,,,,,,
1890.0,20.68,301.1,62.46,87.0,,,,,,
1891.0,20.53,301.6,62.65,88.0,,,,,,
1892.0,20.39,302.2,62.84,88.0,,,,,,
1893.0,20.25,302.6,62.96,87.0,,,,,,
1894.0,20.12,303.1,63.02,87.0,,,,,,
1895.0,19.98,303.5,63.08,87.0,,,,,,
1896.0,19.87,304.3,63.24,86.0,,,,,,
1897.0,19.76,305.5,63.49,87.0,,,,,,
1898.0,19.65,306.7,63.74,88.0,,,,,,
1899.0,19.57,307.0,63.77,88.0,,,,,,
1900.0,19.49,307.1,63.72,90.0,,,,,,
1901.0,19.41,307.2,63.68,91.0,,,,,,
1902.0,19.33,309.1,63.63,92.0,,,,,,
1903.0,19.24,311.3,63.59,93.0,,,,,,
1904.0,19.16,313.6,63.55,93.0,,,,,,
1905.0,19.08,316.1,63.89,94.0,,,,,,
1906.0,19.0,318.9,64.53,94.0,,,,,,
1907.0,18.92,321.6,65.17,95.0,,,,,,
1908.0,18.87,324.2,65.93,95.5,,,,,,
1909.0,18.83,326.8,66.78,96.0,,,,,,
1910.0,18.8,329.3,67.62,97.0,,,,,,
1911.0,18.8,330.0,67.94,98.0,,,,,,
1912.0,18.82,330.1,68.05,99.0,,,,,,
1913.0,18.83,330.1,68.15,99.0,,,,,,
1914.0,18.86,330.3,68.28,99.0,,,,,,
1915.0,18.9,331.2,68.49,100.0,,,,,,
1916.0,18.94,332.0,68.7,100.0,,,,,,
1917.0,18.98,332.8,68.92,100.0,,,,,,
1918.0,19.02,333.6,69.13,101.0,,,,,,
1919.0,19.07,334.6,69.32,101.0,,,,,,
1920.0,19.13,335.8,69.5,102.0,,,,,,
1921.0,19.18,337.0,69.67,102.0,,,,,,
1922.0,19.24,338.2,69.84,102.0,,,,,,
1923.0,19.31,339.4,70.0,102.0,,,,,,
1924.0,19.4,340.6,70.13,102.0,,,,,,
1925.0,19.48,341.8,70.26,103.0,,,,,,
1926.0,19.56,343.1,70.43,103.0,,,,,,
1927.0,19.61,344.6,70.71,103.0,,,,,,
1928.0,19.67,346.0,70.99,104.0,,,,,,
1929.0,19.72,347.8,71.18,104.0,,,,,,
1930.0,19.78,350.3,71.21,104.0,,,,,,
1931.0,19.84,352.7,71.25,104.0,,,,,,
1932.0,19.89,353.3,71.19,104.0,,,,,,
1933.0,19.95,350.9,70.98,103.0,,,,,,
1934.0,20.01,348.5,70.77,103.0,,,,,,
1935.0,20.07,347.7,70.87,103.0,,,,,,
1936.0,20.16,348.4,71.27,103.0,,,,,,
1937.0,20.24,349.1,71.67,103.0,,,,,,
1938.0,20.34,350.1,72.17,103.0,,,,,,
1939.0,20.51,352.3,72.99,103.0,,,,,,
1940.0,20.68,354.4,73.8,103.0,,,,,,
1941.0,20.84,355.5,74.07,103.0,,,,,,
1942.0,21.0,356.6,74.35,102.0,,,,,,
1943.0,21.17,357.0,74.42,102.0,,,,,,
1944.0,21.34,356.1,74.07,102.0,,,,,,
1945.0,21.52,355.3,73.71,103.0,,,,,,
1946.0,21.66,354.8,73.73,103.0,,,,,,
1947.0,21.77,354.5,73.93,103.0,,,,,,
1948.0,21.89,354.2,74.12,103.0,,,,,,
1949.0,21.97,354.0,74.35,103.0,,,,,,
1950.0,22.05,353.8,74.58,103.0,,,,,,
1951.0,22.1,354.3,74.84,102.5,,,,,,
1952.0,22.13,354.9,75.11,102.0,,,,,,
1953.0,22.16,355.5,75.37,103.0,,,,,,
1954.0,22.08,355.6,75.42,103.0,,,,,,
1955.0,22.01,355.6,75.49,103.0,,,,,,
1956.0,21.97,356.6,75.76,103.0,,,,,,
1957.0,21.94,357.5,76.03,103.0,,,,,,
1958.0,21.92,357.4,76.28,103.0,,,,,,
1959.0,21.91,357.0,76.52,103.0,,,,,,
1960.0,21.91,356.5,76.76,103.0,,,,,,
1961.0,21.9,356.1,77.01,104.0,,,,,,
1962.0,21.89,355.8,77.26,104.0,,,,,,
1963.0,21.88,355.5,77.5,104.0,,,,,,
1964.0,21.88,355.3,77.68,104.0,,,,,,
1965.0,21.89,355.3,77.81,105.0,,,,,,
1966.0,21.9,355.3,77.95,105.0,,,,,,
1967.0,21.92,355.0,78.04,105.0,,,,,,
1968.0,21.96,352.9,77.81,105.0,,,,,,
1969.0,22.0,350.7,77.58,105.0,,,,,,
1970.0,22.03,349.8,77.56,105.0,,,,,,
1971.0,22.06,350.2,77.75,105.0,,,,,,
1972.0,22.08,350.6,77.95,105.0,,,,,,
1973.0,22.1,351.1,78.14,105.0,,,,,,
1974.0,22.12,351.9,78.33,105.0,,,,,,
1975.0,22.13,353.7,78.5,105.0,,,,,,
1976.0,22.13,355.4,78.67,105.0,,,,,,
1977.0,22.14,357.2,78.84,104.0,,,,,,
1978.0,22.12,357.5,78.96,104.0,,,,,,
1979.0,22.09,357.5,79.08,103.0,,,,,,
1980.0,22.05,357.6,79.16,103.0,,,,,,
1981.0,21.99,357.9,79.13,103.0,,,,,,
1982.0,21.92,358.3,79.1,103.0,,,,,,
1983.0,21.82,359.1,79.31,103.0,,,,,,
1984.0,21.72,360.1,79.54,103.0,,,,,,
1985.0,21.62,360.1,79.61,103.0,,,,,,
1986.0,21.55,356.4,78.95,103.0,,,,,,
1987.0,21.48,352.7,78.28,103.0,,,,,,
1988.0,21.45,351.3,77.81,102.0,,,,,,
1989.0,21.45,351.1,77.42,102.0,,,,,,
1990.0,21.56,350.5,77.13,102.0,,,,,,
1991.0,21.77,350.0,77.11,102.0,,,,,,
1992.0,21.92,349.7,77.12,102.0,,,,,,
1993.0,22.08,349.0,76.97,102.0,,,,,,
1994.0,22.25,347.5,76.53,102.0,,,,,,
1995.0,22.42,346.1,76.08,102.0,,,,,,
1996.0,22.54,345.5,75.95,102.0,,,,,,
1997.0,22.63,345.1,75.93,102.0,,,,,,
1998.0,22.72,344.7,75.91,102.0,,,,,,
1999.0,22.8,344.7,76.07,102.0,,,,,,
2000.0,22.86,345.0,76.39,102.0,,,,,,
2001.0,22.92,345.3,76.72,102.0,,,,,,
2002.0,22.96,347.3,77.55,103.0,,,,,,
2003.0,23.0,350.2,78.67,102.0,,,,,,
2004.0,23.03,353.2,79.79,102.0,,,,,,
2005.0,23.03,353.3,80.04,102.0,,,,,,
2006.0,23.03,352.9,80.13,102.0,,,,,,
2007.0,22.98,352.4,80.08,102.0,,,,,,
2008.0,22.94,351.9,80.03,102.0,,,,,,
2009.0,22.91,350.8,80.01,102.0,,,,,,
2010.0,22.89,348.9,80.02,102.0,,,,,,
2011.0,22.87,347.1,80.03,102.0,,,,,,
2012.0,22.9,347.0,80.09,102.0,,,,,,
2013.0,22.94,347.1,80.16,102.0,,,,,,
2014.0,22.97,347.1,80.22,102.0,,,,,,
2015.0,23.02,347.0,80.2,102.0,,,,,,
2016.0,23.08,346.6,79.98,103.0,,,,,,
2017.0,23.14,346.1,79.75,103.0,,,,,,
2018.0,23.2,345.6,79.54,103.0,,,,,,
2019.0,23.3,344.7,79.41,103.0,,,,,,
2020.0,23.41,343.9,79.34,104.0,,,,,,
2021.0,23.54,344.1,79.53,104.0,,,,,,
2022.0,23.66,344.2,79.72,104.0,,,,,,
2023.0,23.81,344.1,79.91,104.0,,,,,,
2024.0,24.06,343.4,80.09,104.0,,,,,,
2025.0,24.17,343.3,80.07,104.0,,,,,,
2026.0,24.23,343.4,79.98,105.0,,,,,,
2027.0,24.3,343.4,79.89,104.0,,,,,,
2028.0,24.37,343.5,79.81,105.0,,,,,,
2029.0,24.42,343.4,79.82,105.0,,,,,,
2030.0,24.47,343.3,79.83,105.0,,,,,,
2031.0,24.45,342.9,79.79,106.0,,,,,,
2032.0,24.42,342.5,79.74,106.0,,,,,,
2033.0,24.38,342.0,79.75,107.0,,,,,,
2034.0,24.28,341.4,79.99,107.0,,,,,,
2035.0,24.18,340.8,80.17,107.0,,,,,,
2036.0,24.11,340.3,80.2,107.0,,,,,,
2037.0,24.03,339.8,80.23,107.0,,,,,,
2038.0,23.97,339.7,80.27,107.0,,,,,,
2039.0,23.91,339.5,80.31,107.0,,,,,,
2040.0,23.88,340.6,80.45,107.0,,,,,,
2041.0,23.88,342.5,80.66,107.0,,,,,,
2042.0,23.89,344.2,80.82,107.0,,,,,,
2043.0,23.94,344.1,80.7,107.0,,,,,,
2044.0,23.99,344.0,80.58,107.0,,,,,,
2045.0,24.05,345.0,80.7,107.0,,,,,,
2046.0,24.12,346.8,80.96,107.0,,,,,,
2047.0,24.19,348.6,81.23,107.0,,,,,,
2048.0,24.26,348.7,81.12,107.0,,,,,,
2049.0,24.33,348.2,80.88,107.0,,,,,,
2050.0,24.4,347.7,80.64,107.0,,,,,,
2051.0,24.4,346.8,80.68,107.0,,,,,,
2052.0,24.4,345.9,80.73,107.0,,,,,,
2053.0,24.4,345.1,80.78,107.0,,,,,,
2054.0,24.39,345.0,80.87,107.0,,,,,,
2055.0,24.39,345.6,80.98,107.0,,,,,,
2056.0,24.38,346.1,81.1,107.0,,,,,,
2057.0,24.35,346.1,81.19,107.0,,,,,,
2058.0,24.3,345.2,81.26,107.0,,,,,,
2059.0,24.24,344.2,81.24,107.0,,,,,,
2060.0,24.16,343.3,81.06,108.0,,,,,,
2061.0,24.09,342.3,80.87,108.0,,,,,,
2062.0,23.97,346.0,81.58,108.0,,,,,,
2063.0,23.85,349.9,82.32,108.0,,,,,,
2064.0,23.75,352.3,82.91,108.0,,,,,,
2065.0,23.66,354.1,83.43,108.0,,,,,,
2066.0,23.56,355.8,83.88,107.0,,,,,,
2067.0,23.46,356.0,83.65,106.0,,,,,,
2068.0,23.35,356.2,83.44,106.0,,,,,,
2069.0,23.3,357.4,83.53,105.0,,,,,,
2070.0,23.25,358.6,83.61,105.0,,,,,,
2071.0,23.22,360.8,83.79,105.0,,,,,,
2072.0,23.22,364.3,84.07,105.0,,,,,,
2073.0,23.22,367.7,84.33,105.0,,,,,,
2074.0,23.24,371.1,84.26,105.0,,,,,,
2075.0,23.27,374.4,84.2,105.0,,,,,,
2076.0,23.3,375.5,83.87,105.0,,,,,,
2077.0,23.32,374.0,83.23,105.0,,,,,,
2078.0,23.35,372.5,82.59,104.0,,,,,,
2079.0,23.35,370.4,81.7,104.0,,,,,,
2080.0,23.35,368.1,80.74,104.0,,,,,,
2081.0,23.35,365.8,79.77,104.0,,,,,,
2082.0,23.32,365.7,79.84,104.0,,,,,,
2083.0,23.3,365.9,80.03,104.0,,,,,,
2084.0,23.27,366.1,80.22,104.0,,,,,,
2085.0,23.21,365.9,80.08,104.0,,,,,,
2086.0,23.14,365.8,79.91,104.0,,,,,,
2087.0,23.06,364.6,79.55,104.0,,,,,,
2088.0,22.96,360.7,78.75,104.0,,,,,,
2089.0,22.86,356.9,77.95,104.0,,,,,,
2090.0,22.77,355.6,77.91,104.0,,,,,,
2091.0,22.69,357.6,78.86,104.0,,,,,,
2092.0,22.61,359.6,79.81,104.0,,,,,,
2093.0,22.51,361.5,80.4,104.0,,,,,,
2094.0,22.4,363.4,80.85,104.0,,,,,,
2095.0,22.29,365.4,81.3,104.0,,,,,,
2096.0,22.14,366.0,81.17,103.0,,,,,,
2097.0,21.98,366.4,80.95,103.0,,,,,,
2098.0,21.85,366.3,80.73,103.0,,,,,,
2099.0,21.73,366.1,80.51,103.0,,,,,,
2100.0,21.62,366.0,80.3,103.0,,,,,,
2101.0,21.52,366.0,80.11,103.0,,,,,,
2102.0,21.42,366.0,79.92,103.0,,,,,,
2103.0,21.34,365.2,79.79,103.0,,,,,,
2104.0,21.26,363.7,79.71,103.0,,,,,,
2105.0,21.19,362.2,79.63,103.0,,,,,,
2106.0,21.13,361.7,79.59,103.0,,,,,,
2107.0,21.08,361.6,79.56,103.0,,,,,,
2108.0,21.03,361.5,79.54,103.0,,,,,,
2109.0,21.01,361.5,79.62,103.0,,,,,,
2110.0,21.01,361.5,79.77,103.0,,,,,,
2111.0,21.02,361.5,79.88,103.0,,,,,,
2112.0,21.05,361.4,79.69,103.0,,,,,,
2113.0,21.09,361.3,79.5,103.0,,,,,,
2114.0,21.13,361.2,79.31,103.0,,,,,,
2115.0,21.3,363.1,79.5,103.0,,,,,,
2116.0,21.33,362.9,79.43,104.0,,,,,,
2117.0,21.35,362.8,79.36,104.0,,,,,,
2118.0,21.38,362.6,79.31,104.0,,,,,,
2119.0,21.4,362.2,79.4,104.0,,,,,,
2120.0,21.42,361.8,79.49,104.0,,,,,,
2121.0,21.44,361.4,79.58,104.0,,,,,,
2122.0,21.43,360.8,79.7,104.0,,,,,,
2123.0,21.4,360.2,79.81,104.0,,,,,,
2124.0,21.39,359.4,79.75,104.0,,,,,,
2125.0,21.37,358.5,79.52,104.0,,,,,,
2126.0,21.36,357.5,79.28,104.0,,,,,,
2127.0,21.36,356.9,79.16,104.0,,,,,,
2128.0,21.4,357.1,79.23,104.0,,,,,,
2129.0,21.43,357.2,79.3,104.0,,,,,,
2130.0,21.53,355.5,79.07,103.0,,,,,,
2131.0,21.63,353.9,78.85,103.0,,,,,,
2132.0,21.73,353.6,78.89,104.0,,,,,,
2133.0,21.82,353.4,78.94,104.0,,,,,,
2134.0,21.91,353.3,79.0,104.0,,,,,,
2135.0,22.04,353.7,78.91,104.0,,,,,,
2136.0,22.17,354.1,78.82,104.0,,,,,,
2137.0,22.3,354.5,78.75,104.0,,,,,,
2138.0,22.39,355.0,78.93,104.0,,,,,,
2139.0,22.49,355.4,79.11,104.0,,,,,,
2140.0,22.58,355.7,79.11,104.0,,,,,,
2141.0,22.68,355.7,78.93,103.0,,,,,,
2142.0,22.78,355.8,78.76,104.0,,,,,,
2143.0,22.93,354.8,78.79,104.0,,,,,,
2144.0,23.1,353.6,78.9,104.0,,,,,,
2145.0,23.16,353.5,78.92,104.0,,,,,,
2146.0,23.23,353.4,78.94,104.0,,,,,,
2147.0,23.29,353.3,78.96,105.0,,,,,,
2148.0,23.34,353.3,79.11,104.0,,,,,,
2149.0,23.39,353.4,79.33,104.0,,,,,,
2150.0,23.43,353.3,79.52,104.0,,,,,,
2151.0,23.45,349.8,79.09,104.0,,,,,,
2152.0,23.48,346.4,78.66,104.0,,,,,,
2153.0,23.49,343.2,78.44,104.0,,,,,,
2154.0,23.49,340.1,78.3,104.0,,,,,,
2155.0,23.49,336.9,78.16,103.5,,,,,,
2156.0,23.49,336.4,78.16,103.0,,,,,,
2157.0,23.5,336.4,78.19,104.0,,,,,,
2158.0,23.51,336.5,78.23,104.0,,,,,,
2159.0,23.52,336.6,78.29,103.0,,,,,,
2160.0,23.54,336.7,78.39,103.0,,,,,,
2161.0,23.56,336.8,78.49,104.0,,,,,,
2162.0,23.61,336.9,78.58,104.0,,,,,,
2163.0,23.66,337.0,78.68,104.0,,,,,,
2164.0,23.71,337.1,78.76,104.0,,,,,,
2165.0,23.74,337.2,78.83,104.0,,,,,,
2166.0,23.78,337.3,78.9,104.0,,,,,,
2167.0,23.79,337.4,78.99,104.0,,,,,,
2168.0,23.77,337.5,79.09,104.0,,,,,,
2169.0,23.75,337.6,79.18,104.0,,,,,,
2170.0,23.71,337.7,79.27,104.0,,,,,,
2171.0,23.67,337.9,79.36,104.0,,,,,,
2172.0,23.62,338.0,79.46,105.0,,,,,,
2173.0,23.54,338.1,79.55,105.0,,,,,,
2174.0,23.48,338.2,79.65,105.0,,,,,,
2175.0,23.45,338.3,79.74,105.0,,,,,,
2176.0,23.41,338.4,79.83,105.0,,,,,,
2177.0,23.41,338.5,79.92,104.0,,,,,,
2178.0,23.43,338.7,80.03,104.0,,,,,,
2179.0,23.45,338.8,80.12,104.5,,,,,,
2180.0,23.46,338.8,80.18,105.0,,,,,,
2181.0,23.47,338.9,80.25,105.0,,,,,,
2182.0,23.49,339.0,80.31,105.0,,,,,,
2183.0,23.5,339.1,80.4,105.0,,,,,,
2184.0,23.52,339.2,80.5,105.0,,,,,,
2185.0,23.54,339.4,80.6,105.0,,,,,,
2186.0,23.56,339.5,80.68,106.0,,,,,,
2187.0,23.57,339.6,80.77,106.0,,,,,,
2188.0,23.59,339.7,80.86,106.0,,,,,,
2189.0,23.61,339.8,80.95,106.0,,,,,,
2190.0,23.62,339.9,81.04,105.0,,,,,,
